word,label,bound,flag,radical,pinyin
基,O,B,n,土,jī
金,O,M,n,金,jīn
项,O,M,n,页,xiàng
目,O,E,n,目,mù
:,O,S,x,UNK,UNK
国,O,B,nt,囗,guó
家,O,M,nt,宀,jiā
自,O,M,nt,自,zì
然,O,M,nt,灬,rán
科,O,M,nt,禾,kē
学,O,M,nt,子,xué
基,O,M,nt,土,jī
金,O,E,nt,金,jīn
项,O,B,n,页,xiàng
目,O,E,n,目,mù
(,O,S,x,UNK,UNK
num,O,B,m,UNK,UNK
num,O,M,m,UNK,UNK
num,O,M,m,UNK,UNK
num,O,M,m,UNK,UNK
num,O,M,m,UNK,UNK
num,O,M,m,UNK,UNK
num,O,M,m,UNK,UNK
num,O,E,m,UNK,UNK
、,O,S,x,UNK,UNK
num,O,B,m,UNK,UNK
num,O,M,m,UNK,UNK
num,O,M,m,UNK,UNK
num,O,M,m,UNK,UNK
num,O,M,m,UNK,UNK
num,O,M,m,UNK,UNK
num,O,M,m,UNK,UNK
num,O,E,m,UNK,UNK
、,O,S,x,UNK,UNK
num,O,B,m,UNK,UNK
num,O,M,m,UNK,UNK
num,O,M,m,UNK,UNK
num,O,M,m,UNK,UNK
num,O,M,m,UNK,UNK
num,O,M,m,UNK,UNK
num,O,M,m,UNK,UNK
num,O,E,m,UNK,UNK
),O,S,x,UNK,UNK
;,O,S,x,UNK,UNK
sep,sep,sep,sep,sep,sep
LB,O,S,x,UNK,UNK
国,O,B,nt,囗,guó
家,O,M,nt,宀,jiā
自,O,M,nt,自,zì
然,O,M,nt,灬,rán
科,O,M,nt,禾,kē
学,O,M,nt,子,xué
基,O,M,nt,土,jī
金,O,E,nt,金,jīn
海,O,B,s,氵,hǎi
外,O,E,s,夕,wài
及,O,S,c,又,jí
港,O,B,j,氵,gǎng
澳,O,E,j,氵,ào
学,O,B,n,子,xué
者,O,E,n,耂,zhě
合,O,B,vn,口,hé
作,O,E,vn,亻,zuò
研,O,B,vn,石,yán
究,O,E,vn,穴,jiū
基,O,B,n,土,jī
金,O,E,n,金,jīn
(,O,S,x,UNK,UNK
num,O,B,m,UNK,UNK
num,O,M,m,UNK,UNK
num,O,M,m,UNK,UNK
num,O,M,m,UNK,UNK
num,O,M,m,UNK,UNK
num,O,M,m,UNK,UNK
num,O,M,m,UNK,UNK
num,O,E,m,UNK,UNK
),O,S,x,UNK,UNK
;,O,S,x,UNK,UNK
sep,sep,sep,sep,sep,sep
重,O,B,ns,里,zhòng
庆,O,M,ns,广,qìng
市,O,E,ns,巾,shì
自,O,S,p,自,zì
LB,O,S,x,UNK,UNK
然,O,S,c,灬,rán
科,O,B,n,禾,kē
学,O,M,n,子,xué
基,O,M,n,土,jī
金,O,E,n,金,jīn
杰,O,B,nr,木,jié
出,O,M,nr,凵,chū
青,O,M,nr,青,qīng
年,O,E,nr,干,nián
基,O,B,n,土,jī
金,O,E,n,金,jīn
(,O,S,x,UNK,UNK
C,O,B,eng,UNK,UNK
S,O,M,eng,UNK,UNK
T,O,M,eng,UNK,UNK
C,O,M,eng,UNK,UNK
num,O,M,eng,UNK,UNK
num,O,M,eng,UNK,UNK
num,O,M,eng,UNK,UNK
num,O,M,eng,UNK,UNK
j,O,M,eng,UNK,UNK
c,O,M,eng,UNK,UNK
y,O,M,eng,UNK,UNK
j,O,M,eng,UNK,UNK
j,O,M,eng,UNK,UNK
q,O,M,eng,UNK,UNK
num,O,M,eng,UNK,UNK
num,O,M,eng,UNK,UNK
num,O,M,eng,UNK,UNK
num,O,M,eng,UNK,UNK
num,O,E,eng,UNK,UNK
),O,S,x,UNK,UNK
;,O,S,x,UNK,UNK
sep,sep,sep,sep,sep,sep
教,O,B,n,攵,jiào
育,O,M,n,月,yù
部,O,E,n,阝,bù
留,O,B,v,田,liú
学,O,E,v,子,xué
归,O,B,ns,彐,guī
国,O,E,ns,囗,guó
科,O,B,n,禾,kē
研,O,E,n,石,yán
LB,O,S,x,UNK,UNK
启,O,B,vn,口,qǐ
动,O,E,vn,力,dòng
基,O,B,n,土,jī
金,O,E,n,金,jīn
(,O,S,x,UNK,UNK
num,O,B,m,UNK,UNK
num,O,M,m,UNK,UNK
num,O,M,m,UNK,UNK
num,O,E,m,UNK,UNK
A,O,B,eng,UNK,UNK
num,O,M,eng,UNK,UNK
num,O,M,eng,UNK,UNK
num,O,E,eng,UNK,UNK
),O,S,x,UNK,UNK
LB,O,S,x,UNK,UNK
糖,B-Disease,B,n,米,táng
尿,I-Disease,M,n,尸,niào
病,I-Disease,E,n,疒,bìng
的,O,S,uj,白,dí
抗,B-Treatment,B,nz,扌,kàng
氧,I-Treatment,M,nz,气,yǎng
化,I-Treatment,E,nz,亻,huà
治,I-Treatment,B,v,氵,zhì
疗,I-Treatment,E,v,疒,liáo
与,O,S,p,一,yǔ
肿,B-Disease,B,n,月,zhǒng
瘤,I-Disease,E,n,疒,liú
LB,O,S,x,UNK,UNK
王,O,B,nr,王,wáng
慧,O,E,nr,心,huì
SPACE,O,S,x,UNK,UNK
SPACE,O,S,x,UNK,UNK
郑,O,B,nr,阝,zhèng
宏,O,M,nr,宀,hóng
庭,O,E,nr,广,tíng
sep,sep,sep,sep,sep,sep
LB,O,S,x,UNK,UNK
[,O,S,x,UNK,UNK
提,O,B,v,扌,tí
要,O,E,v,覀,yào
],O,S,x,UNK,UNK
SPACE,O,S,x,UNK,UNK
SPACE,O,S,x,UNK,UNK
SPACE,O,S,x,UNK,UNK
越,O,B,d,走,yuè
来,O,M,d,木,lái
越,O,E,d,走,yuè
多,O,S,m,夕,duō
的,O,S,uj,白,dí
证,O,B,n,讠,zhèng
据,O,E,n,扌,jù
表,O,B,v,衣,biǎo
明,O,E,v,日,míng
糖,B-Disease,B,n,米,táng
尿,I-Disease,M,n,尸,niào
病,I-Disease,E,n,疒,bìng
治,O,B,v,氵,zhì
疗,O,E,v,疒,liáo
可,O,B,v,口,kě
能,O,E,v,月,néng
影,O,B,vn,彡,yǐng
响,O,E,vn,口,xiǎng
肿,B-Disease,B,n,月,zhǒng
瘤,I-Disease,E,n,疒,liú
的,O,S,uj,白,dí
发,O,B,v,又,fā
生,O,E,v,生,shēng
发,O,B,vn,又,fā
展,O,E,vn,尸,zhǎn
。,O,S,x,UNK,UNK
sep,sep,sep,sep,sep,sep
SPACE,O,S,x,UNK,UNK
抗,B-Treatment,B,nz,扌,kàng
氧,I-Treatment,M,nz,气,yǎng
化,I-Treatment,E,nz,亻,huà
治,I-Treatment,B,v,氵,zhì
疗,I-Treatment,E,v,疒,liáo
是,O,S,v,日,shì
糖,B-Disease,B,n,米,táng
尿,I-Disease,M,n,尸,niào
病,I-Disease,E,n,疒,bìng
及,O,B,c,又,jí
其,O,E,c,八,qí
并,O,B,v,干,bìng
发,O,E,v,又,fā
LB,O,S,x,UNK,UNK
症,O,S,zg,疒,zhèng
治,O,B,v,氵,zhì
疗,O,E,v,疒,liáo
的,O,S,uj,白,dí
一,O,B,m,一,yī
个,O,E,m,人,gè
重,O,B,a,里,zhòng
要,O,E,a,覀,yào
组,O,B,l,纟,zǔ
成,O,M,l,戈,chéng
部,O,M,l,阝,bù
分,O,E,l,刀,fēn
",",O,S,x,UNK,UNK
sep,sep,sep,sep,sep,sep
由,O,B,c,田,yóu
于,O,E,c,二,yú
氧,O,B,n,气,yǎng
化,O,M,n,亻,huà
应,O,M,n,广,yīng
激,O,E,n,氵,jī
在,O,S,p,土,zài
肿,B-Disease,B,n,月,zhǒng
瘤,I-Disease,E,n,疒,liú
进,O,B,n,辶,jìn
程,O,E,n,禾,chéng
中,O,S,f,丨,zhōng
也,O,S,d,乙,yě
发,O,B,v,又,fā
挥,O,E,v,扌,huī
着,O,S,uz,目,zhuó
重,O,B,a,里,zhòng
要,O,E,a,覀,yào
作,O,B,v,亻,zuò
用,O,E,v,用,yòng
",",O,S,x,UNK,UNK
sep,sep,sep,sep,sep,sep
因,O,B,c,囗,yīn
此,O,E,c,止,cǐ
糖,B-Disease,B,n,米,táng
尿,I-Disease,M,n,尸,niào
病,I-Disease,E,n,疒,bìng
的,O,S,uj,白,dí
抗,B-Treatment,B,nz,扌,kàng
氧,I-Treatment,M,nz,气,yǎng
化,I-Treatment,E,nz,亻,huà
治,I-Treatment,B,v,氵,zhì
疗,I-Treatment,E,v,疒,liáo
更,O,S,d,曰,gēng
LB,O,S,x,UNK,UNK
易,O,S,a,日,yì
对,O,S,p,寸,duì
肿,B-Disease,B,n,月,zhǒng
瘤,I-Disease,E,n,疒,liú
细,O,B,n,纟,xì
胞,O,E,n,月,bāo
的,O,S,uj,白,dí
生,O,B,n,生,shēng
物,O,M,n,牜,wù
学,O,E,n,子,xué
行,O,B,v,行,háng
为,O,E,v,丶,wéi
产,O,B,n,亠,chǎn
生,O,E,n,生,shēng
潜,O,B,t,氵,qián
在,O,E,t,土,zài
的,O,S,uj,白,dí
影,O,B,vn,彡,yǐng
响,O,E,vn,口,xiǎng
。,O,S,x,UNK,UNK
SPACE,O,S,x,UNK,UNK
近,O,B,t,辶,jìn
期,O,E,t,月,qī
",",O,S,x,UNK,UNK
本,O,S,r,木,běn
课,O,B,n,讠,kè
题,O,M,n,页,tí
组,O,E,n,纟,zǔ
发,O,B,v,又,fā
表,O,E,v,衣,biǎo
在,O,S,p,土,zài
SPACE,O,S,x,UNK,UNK
S,O,B,eng,UNK,UNK
c,O,M,eng,UNK,UNK
i,O,M,eng,UNK,UNK
e,O,M,eng,UNK,UNK
n,O,M,eng,UNK,UNK
c,O,M,eng,UNK,UNK
e,O,E,eng,UNK,UNK
SPACE,O,S,x,UNK,UNK
T,O,B,eng,UNK,UNK
r,O,M,eng,UNK,UNK
a,O,M,eng,UNK,UNK
n,O,M,eng,UNK,UNK
s,O,M,eng,UNK,UNK
l,O,M,eng,UNK,UNK
a,O,M,eng,UNK,UNK
t,O,M,eng,UNK,UNK
i,O,M,eng,UNK,UNK
o,O,M,eng,UNK,UNK
n,O,M,eng,UNK,UNK
a,O,M,eng,UNK,UNK
l,O,E,eng,UNK,UNK
SPACE,O,S,x,UNK,UNK
M,O,B,eng,UNK,UNK
e,O,M,eng,UNK,UNK
d,O,M,eng,UNK,UNK
i,O,M,eng,UNK,UNK
c,O,M,eng,UNK,UNK
i,O,M,eng,UNK,UNK
n,O,M,eng,UNK,UNK
e,O,E,eng,UNK,UNK
SPACE,O,S,x,UNK,UNK
杂,O,B,n,木,zá
志,O,E,n,心,zhì
上,O,S,f,一,shàng
LB,O,S,x,UNK,UNK
的,O,S,uj,白,dí
研,O,B,vn,石,yán
究,O,E,vn,穴,jiū
显,O,B,v,日,xiǎn
示,O,E,v,示,shì
",",O,S,x,UNK,UNK
sep,sep,sep,sep,sep,sep
糖,B-Disease,B,n,米,táng
尿,I-Disease,M,n,尸,niào
病,I-Disease,E,n,疒,bìng
治,O,B,v,氵,zhì
疗,O,E,v,疒,liáo
中,O,S,f,丨,zhōng
的,O,S,uj,白,dí
某,O,B,r,木,mǒu
些,O,E,r,二,xiē
抗,B-Drug,B,nz,扌,kàng
氧,I-Drug,M,nz,气,yǎng
化,I-Drug,M,nz,亻,huà
剂,I-Drug,E,nz,刂,jì
可,O,B,v,口,kě
能,O,E,v,月,néng
通,O,B,p,辶,tōng
过,O,E,p,辶,guò
激,O,B,a,氵,jī
活,O,E,a,氵,huó
核,B-Anatomy,S,n,木,hé
因,I-Anatomy,B,n,囗,yīn
子,I-Anatomy,E,n,子,zǐ
SPACE,I-Anatomy,S,x,UNK,UNK
E,I-Anatomy,B,eng,UNK,UNK
num,I-Anatomy,E,eng,UNK,UNK
SPACE,I-Anatomy,S,x,UNK,UNK
相,I-Anatomy,B,v,目,xiāng
关,I-Anatomy,E,v,丷,guān
因,I-Anatomy,B,n,囗,yīn
子,I-Anatomy,E,n,子,zǐ
SPACE,I-Anatomy,S,x,UNK,UNK
num,I-Anatomy,S,x,UNK,UNK
(,O,S,x,UNK,UNK
N,B-Anatomy,B,eng,UNK,UNK
r,I-Anatomy,M,eng,UNK,UNK
f,I-Anatomy,M,eng,UNK,UNK
num,I-Anatomy,E,eng,UNK,UNK
),O,S,x,UNK,UNK
",",O,S,x,UNK,UNK
sep,sep,sep,sep,sep,sep
潜,O,B,n,氵,qián
在,O,M,n,土,zài
地,O,E,n,土,dì
促,O,B,v,亻,cù
进,O,E,v,辶,jìn
小,O,B,n,小,xiǎo
鼠,O,E,n,鼠,shǔ
模,O,S,n,木,mó
LB,O,S,x,UNK,UNK
型,O,S,k,土,xíng
中,O,S,f,丨,zhōng
的,O,S,uj,白,dí
肿,B-Disease,B,n,月,zhǒng
瘤,I-Disease,E,n,疒,liú
转,O,B,v,车,zhuǎn
移,O,E,v,禾,yí
",",O,S,x,UNK,UNK
sep,sep,sep,sep,sep,sep
提,O,B,v,扌,tí
示,O,E,v,示,shì
这,O,S,r,辶,zhè
类,O,B,n,米,lèi
药,O,M,n,艹,yào
物,O,E,n,牜,wù
在,O,S,p,土,zài
糖,B-Disease,B,n,米,táng
尿,I-Disease,M,n,尸,niào
病,I-Disease,E,n,疒,bìng
合,O,B,v,口,hé
并,O,E,v,干,bìng
肿,B-Disease,B,n,月,zhǒng
瘤,I-Disease,E,n,疒,liú
的,O,S,uj,白,dí
患,O,B,n,心,huàn
者,O,E,n,耂,zhě
中,O,S,f,丨,zhōng
应,O,S,v,广,yīng
谨,O,B,a,讠,jǐn
慎,O,E,a,忄,shèn
使,O,B,v,亻,shǐ
用,O,E,v,用,yòng
。,O,S,x,UNK,UNK
sep,sep,sep,sep,sep,sep
LB,O,S,x,UNK,UNK
[,O,S,x,UNK,UNK
关,O,B,n,丷,guān
键,O,M,n,钅,jiàn
词,O,E,n,讠,cí
],O,S,x,UNK,UNK
SPACE,O,S,x,UNK,UNK
SPACE,O,S,x,UNK,UNK
SPACE,O,S,x,UNK,UNK
糖,B-Disease,B,n,米,táng
尿,I-Disease,M,n,尸,niào
病,I-Disease,E,n,疒,bìng
;,O,S,x,UNK,UNK
SPACE,O,S,x,UNK,UNK
肿,B-Disease,B,n,月,zhǒng
瘤,I-Disease,E,n,疒,liú
;,O,S,x,UNK,UNK
SPACE,O,S,x,UNK,UNK
抗,B-Drug,B,nz,扌,kàng
氧,I-Drug,M,nz,气,yǎng
化,I-Drug,M,nz,亻,huà
剂,I-Drug,E,nz,刂,jì
LB,O,S,x,UNK,UNK
A,O,B,eng,UNK,UNK
n,O,M,eng,UNK,UNK
t,O,M,eng,UNK,UNK
i,O,M,eng,UNK,UNK
o,O,M,eng,UNK,UNK
x,O,M,eng,UNK,UNK
i,O,M,eng,UNK,UNK
d,O,M,eng,UNK,UNK
a,O,M,eng,UNK,UNK
n,O,M,eng,UNK,UNK
t,O,E,eng,UNK,UNK
SPACE,O,S,x,UNK,UNK
a,O,B,eng,UNK,UNK
n,O,M,eng,UNK,UNK
t,O,M,eng,UNK,UNK
i,O,M,eng,UNK,UNK
d,O,M,eng,UNK,UNK
i,O,M,eng,UNK,UNK
a,O,M,eng,UNK,UNK
b,O,M,eng,UNK,UNK
e,O,M,eng,UNK,UNK
t,O,M,eng,UNK,UNK
i,O,M,eng,UNK,UNK
c,O,E,eng,UNK,UNK
SPACE,O,S,x,UNK,UNK
t,O,B,eng,UNK,UNK
h,O,M,eng,UNK,UNK
e,O,M,eng,UNK,UNK
r,O,M,eng,UNK,UNK
a,O,M,eng,UNK,UNK
p,O,M,eng,UNK,UNK
y,O,E,eng,UNK,UNK
sep,sep,sep,sep,sep,sep
SPACE,O,S,x,UNK,UNK
a,O,B,eng,UNK,UNK
n,O,M,eng,UNK,UNK
d,O,E,eng,UNK,UNK
SPACE,O,S,x,UNK,UNK
t,O,B,eng,UNK,UNK
u,O,M,eng,UNK,UNK
m,O,M,eng,UNK,UNK
o,O,M,eng,UNK,UNK
r,O,E,eng,UNK,UNK
SPACE,O,S,x,UNK,UNK
W,O,B,eng,UNK,UNK
a,O,M,eng,UNK,UNK
n,O,M,eng,UNK,UNK
g,O,E,eng,UNK,UNK
SPACE,O,S,x,UNK,UNK
H,O,B,eng,UNK,UNK
u,O,M,eng,UNK,UNK
i,O,E,eng,UNK,UNK
",",O,S,x,UNK,UNK
sep,sep,sep,sep,sep,sep
SPACE,O,S,x,UNK,UNK
Z,O,B,eng,UNK,UNK
h,O,M,eng,UNK,UNK
e,O,M,eng,UNK,UNK
n,O,M,eng,UNK,UNK
g,O,E,eng,UNK,UNK
SPACE,O,S,x,UNK,UNK
H,O,B,eng,UNK,UNK
o,O,M,eng,UNK,UNK
n,O,M,eng,UNK,UNK
g,O,M,eng,UNK,UNK
t,O,M,eng,UNK,UNK
i,O,M,eng,UNK,UNK
n,O,M,eng,UNK,UNK
g,O,E,eng,UNK,UNK
.,O,S,m,UNK,UNK
sep,sep,sep,sep,sep,sep
SPACE,O,S,x,UNK,UNK
D,O,B,eng,UNK,UNK
e,O,M,eng,UNK,UNK
p,O,M,eng,UNK,UNK
a,O,M,eng,UNK,UNK
r,O,M,eng,UNK,UNK
t,O,M,eng,UNK,UNK
m,O,M,eng,UNK,UNK
e,O,M,eng,UNK,UNK
n,O,M,eng,UNK,UNK
t,O,E,eng,UNK,UNK
SPACE,O,S,x,UNK,UNK
o,O,B,eng,UNK,UNK
f,O,E,eng,UNK,UNK
SPACE,O,S,x,UNK,UNK
E,O,B,eng,UNK,UNK
n,O,M,eng,UNK,UNK
d,O,M,eng,UNK,UNK
o,O,M,eng,UNK,UNK
c,O,M,eng,UNK,UNK
r,O,M,eng,UNK,UNK
i,O,M,eng,UNK,UNK
n,O,M,eng,UNK,UNK
o,O,M,eng,UNK,UNK
l,O,M,eng,UNK,UNK
o,O,M,eng,UNK,UNK
g,O,M,eng,UNK,UNK
y,O,E,eng,UNK,UNK
",",O,S,x,UNK,UNK
sep,sep,sep,sep,sep,sep
SPACE,O,S,x,UNK,UNK
X,O,B,eng,UNK,UNK
i,O,M,eng,UNK,UNK
n,O,M,eng,UNK,UNK
q,O,M,eng,UNK,UNK
i,O,M,eng,UNK,UNK
a,O,M,eng,UNK,UNK
o,O,E,eng,UNK,UNK
LB,O,S,x,UNK,UNK
H,O,B,eng,UNK,UNK
o,O,M,eng,UNK,UNK
s,O,M,eng,UNK,UNK
p,O,M,eng,UNK,UNK
i,O,M,eng,UNK,UNK
t,O,M,eng,UNK,UNK
a,O,M,eng,UNK,UNK
l,O,E,eng,UNK,UNK
",",O,S,x,UNK,UNK
sep,sep,sep,sep,sep,sep
SPACE,O,S,x,UNK,UNK
T,O,B,eng,UNK,UNK
h,O,M,eng,UNK,UNK
i,O,M,eng,UNK,UNK
r,O,M,eng,UNK,UNK
d,O,E,eng,UNK,UNK
SPACE,O,S,x,UNK,UNK
M,O,B,eng,UNK,UNK
i,O,M,eng,UNK,UNK
l,O,M,eng,UNK,UNK
i,O,M,eng,UNK,UNK
t,O,M,eng,UNK,UNK
a,O,M,eng,UNK,UNK
r,O,M,eng,UNK,UNK
y,O,E,eng,UNK,UNK
SPACE,O,S,x,UNK,UNK
M,O,B,eng,UNK,UNK
e,O,M,eng,UNK,UNK
d,O,M,eng,UNK,UNK
i,O,M,eng,UNK,UNK
c,O,M,eng,UNK,UNK
a,O,M,eng,UNK,UNK
l,O,E,eng,UNK,UNK
SPACE,O,S,x,UNK,UNK
U,O,B,eng,UNK,UNK
n,O,M,eng,UNK,UNK
i,O,M,eng,UNK,UNK
v,O,M,eng,UNK,UNK
e,O,M,eng,UNK,UNK
r,O,M,eng,UNK,UNK
s,O,M,eng,UNK,UNK
i,O,M,eng,UNK,UNK
t,O,M,eng,UNK,UNK
y,O,E,eng,UNK,UNK
",",O,S,x,UNK,UNK
sep,sep,sep,sep,sep,sep
SPACE,O,S,x,UNK,UNK
C,O,B,eng,UNK,UNK
h,O,M,eng,UNK,UNK
o,O,M,eng,UNK,UNK
n,O,M,eng,UNK,UNK
g,O,M,eng,UNK,UNK
q,O,M,eng,UNK,UNK
i,O,M,eng,UNK,UNK
n,O,M,eng,UNK,UNK
g,O,E,eng,UNK,UNK
SPACE,O,S,x,UNK,UNK
num,O,B,m,UNK,UNK
num,O,M,m,UNK,UNK
num,O,M,m,UNK,UNK
num,O,M,m,UNK,UNK
num,O,M,m,UNK,UNK
num,O,E,m,UNK,UNK
",",O,S,x,UNK,UNK
SPACE,O,S,x,UNK,UNK
C,O,B,eng,UNK,UNK
h,O,M,eng,UNK,UNK
i,O,M,eng,UNK,UNK
n,O,M,eng,UNK,UNK
a,O,E,eng,UNK,UNK
LB,O,S,x,UNK,UNK
[,O,S,x,UNK,UNK
S,O,B,eng,UNK,UNK
u,O,M,eng,UNK,UNK
m,O,M,eng,UNK,UNK
m,O,M,eng,UNK,UNK
a,O,M,eng,UNK,UNK
r,O,M,eng,UNK,UNK
y,O,E,eng,UNK,UNK
],O,S,x,UNK,UNK
SPACE,O,S,x,UNK,UNK
SPACE,O,S,x,UNK,UNK
SPACE,O,S,x,UNK,UNK
A,O,B,eng,UNK,UNK
c,O,M,eng,UNK,UNK
c,O,M,eng,UNK,UNK
u,O,M,eng,UNK,UNK
m,O,M,eng,UNK,UNK
u,O,M,eng,UNK,UNK
l,O,M,eng,UNK,UNK
a,O,M,eng,UNK,UNK
t,O,M,eng,UNK,UNK
i,O,M,eng,UNK,UNK
n,O,M,eng,UNK,UNK
g,O,E,eng,UNK,UNK
SPACE,O,S,x,UNK,UNK
e,O,B,eng,UNK,UNK
v,O,M,eng,UNK,UNK
i,O,M,eng,UNK,UNK
d,O,M,eng,UNK,UNK
e,O,M,eng,UNK,UNK
n,O,M,eng,UNK,UNK
c,O,M,eng,UNK,UNK
e,O,E,eng,UNK,UNK
SPACE,O,S,x,UNK,UNK
f,O,B,eng,UNK,UNK
o,O,M,eng,UNK,UNK
u,O,M,eng,UNK,UNK
n,O,M,eng,UNK,UNK
d,O,E,eng,UNK,UNK
SPACE,O,S,x,UNK,UNK
t,O,B,eng,UNK,UNK
h,O,M,eng,UNK,UNK
a,O,M,eng,UNK,UNK
t,O,E,eng,UNK,UNK
SPACE,O,S,x,UNK,UNK
a,O,B,eng,UNK,UNK
n,O,M,eng,UNK,UNK
t,O,M,eng,UNK,UNK
i,O,M,eng,UNK,UNK
d,O,M,eng,UNK,UNK
i,O,M,eng,UNK,UNK
a,O,M,eng,UNK,UNK
b,O,M,eng,UNK,UNK
e,O,M,eng,UNK,UNK
t,O,M,eng,UNK,UNK
i,O,M,eng,UNK,UNK
c,O,E,eng,UNK,UNK
SPACE,O,S,x,UNK,UNK
t,O,B,eng,UNK,UNK
h,O,M,eng,UNK,UNK
e,O,M,eng,UNK,UNK
r,O,M,eng,UNK,UNK
a,O,M,eng,UNK,UNK
p,O,M,eng,UNK,UNK
y,O,E,eng,UNK,UNK
SPACE,O,S,x,UNK,UNK
w,O,B,eng,UNK,UNK
a,O,M,eng,UNK,UNK
s,O,E,eng,UNK,UNK
SPACE,O,S,x,UNK,UNK
c,O,B,eng,UNK,UNK
l,O,M,eng,UNK,UNK
o,O,M,eng,UNK,UNK
s,O,M,eng,UNK,UNK
e,O,M,eng,UNK,UNK
l,O,M,eng,UNK,UNK
y,O,E,eng,UNK,UNK
SPACE,O,S,x,UNK,UNK
a,O,B,eng,UNK,UNK
s,O,M,eng,UNK,UNK
s,O,M,eng,UNK,UNK
o,O,M,eng,UNK,UNK
c,O,M,eng,UNK,UNK
i,O,M,eng,UNK,UNK
a,O,M,eng,UNK,UNK
t,O,M,eng,UNK,UNK
e,O,M,eng,UNK,UNK
d,O,E,eng,UNK,UNK
SPACE,O,S,x,UNK,UNK
w,O,B,eng,UNK,UNK
i,O,M,eng,UNK,UNK
t,O,M,eng,UNK,UNK
h,O,E,eng,UNK,UNK
SPACE,O,S,x,UNK,UNK
t,O,B,eng,UNK,UNK
u,O,M,eng,UNK,UNK
m,O,M,eng,UNK,UNK
o,O,M,eng,UNK,UNK
r,O,E,eng,UNK,UNK
.,O,S,m,UNK,UNK
LB,O,S,x,UNK,UNK
A,O,B,eng,UNK,UNK
n,O,M,eng,UNK,UNK
t,O,M,eng,UNK,UNK
i,O,M,eng,UNK,UNK
o,O,M,eng,UNK,UNK
x,O,M,eng,UNK,UNK
i,O,M,eng,UNK,UNK
d,O,M,eng,UNK,UNK
a,O,M,eng,UNK,UNK
n,O,M,eng,UNK,UNK
t,O,E,eng,UNK,UNK
SPACE,O,S,x,UNK,UNK
a,O,B,eng,UNK,UNK
g,O,M,eng,UNK,UNK
e,O,M,eng,UNK,UNK
n,O,M,eng,UNK,UNK
t,O,M,eng,UNK,UNK
s,O,E,eng,UNK,UNK
SPACE,O,S,x,UNK,UNK
a,O,B,eng,UNK,UNK
r,O,M,eng,UNK,UNK
e,O,E,eng,UNK,UNK
SPACE,O,S,x,UNK,UNK
t,O,B,eng,UNK,UNK
h,O,M,eng,UNK,UNK
e,O,E,eng,UNK,UNK
SPACE,O,S,x,UNK,UNK
i,O,B,eng,UNK,UNK
m,O,M,eng,UNK,UNK
p,O,M,eng,UNK,UNK
o,O,M,eng,UNK,UNK
r,O,M,eng,UNK,UNK
t,O,M,eng,UNK,UNK
a,O,M,eng,UNK,UNK
n,O,M,eng,UNK,UNK
t,O,E,eng,UNK,UNK
SPACE,O,S,x,UNK,UNK
c,O,B,eng,UNK,UNK
o,O,M,eng,UNK,UNK
m,O,M,eng,UNK,UNK
p,O,M,eng,UNK,UNK
o,O,M,eng,UNK,UNK
n,O,M,eng,UNK,UNK
e,O,M,eng,UNK,UNK
n,O,M,eng,UNK,UNK
t,O,E,eng,UNK,UNK
SPACE,O,S,x,UNK,UNK
i,O,B,eng,UNK,UNK
n,O,E,eng,UNK,UNK
SPACE,O,S,x,UNK,UNK
t,O,B,eng,UNK,UNK
h,O,M,eng,UNK,UNK
e,O,E,eng,UNK,UNK
SPACE,O,S,x,UNK,UNK
t,O,B,eng,UNK,UNK
r,O,M,eng,UNK,UNK
e,O,M,eng,UNK,UNK
a,O,M,eng,UNK,UNK
t,O,M,eng,UNK,UNK
m,O,M,eng,UNK,UNK
e,O,M,eng,UNK,UNK
n,O,M,eng,UNK,UNK
t,O,E,eng,UNK,UNK
SPACE,O,S,x,UNK,UNK
o,O,B,eng,UNK,UNK
f,O,E,eng,UNK,UNK
SPACE,O,S,x,UNK,UNK
d,O,B,eng,UNK,UNK
i,O,M,eng,UNK,UNK
a,O,M,eng,UNK,UNK
b,O,M,eng,UNK,UNK
e,O,M,eng,UNK,UNK
t,O,M,eng,UNK,UNK
e,O,M,eng,UNK,UNK
s,O,E,eng,UNK,UNK
sep,sep,sep,sep,sep,sep
SPACE,O,S,x,UNK,UNK
a,O,B,eng,UNK,UNK
n,O,M,eng,UNK,UNK
d,O,E,eng,UNK,UNK
SPACE,O,S,x,UNK,UNK
i,O,B,eng,UNK,UNK
t,O,M,eng,UNK,UNK
s,O,E,eng,UNK,UNK
SPACE,O,S,x,UNK,UNK
c,O,B,eng,UNK,UNK
o,O,M,eng,UNK,UNK
m,O,M,eng,UNK,UNK
p,O,M,eng,UNK,UNK
l,O,M,eng,UNK,UNK
i,O,M,eng,UNK,UNK
c,O,M,eng,UNK,UNK
a,O,M,eng,UNK,UNK
t,O,M,eng,UNK,UNK
i,O,M,eng,UNK,UNK
o,O,M,eng,UNK,UNK
n,O,M,eng,UNK,UNK
s,O,E,eng,UNK,UNK
.,O,S,m,UNK,UNK
sep,sep,sep,sep,sep,sep
SPACE,O,S,x,UNK,UNK
O,O,B,eng,UNK,UNK
x,O,M,eng,UNK,UNK
i,O,M,eng,UNK,UNK
d,O,M,eng,UNK,UNK
a,O,M,eng,UNK,UNK
t,O,M,eng,UNK,UNK
i,O,M,eng,UNK,UNK
v,O,M,eng,UNK,UNK
e,O,E,eng,UNK,UNK
SPACE,O,S,x,UNK,UNK
s,O,B,eng,UNK,UNK
t,O,M,eng,UNK,UNK
r,O,M,eng,UNK,UNK
e,O,M,eng,UNK,UNK
s,O,M,eng,UNK,UNK
s,O,E,eng,UNK,UNK
LB,O,S,x,UNK,UNK
p,O,B,eng,UNK,UNK
l,O,M,eng,UNK,UNK
a,O,M,eng,UNK,UNK
y,O,M,eng,UNK,UNK
s,O,E,eng,UNK,UNK
SPACE,O,S,x,UNK,UNK
a,O,S,x,UNK,UNK
SPACE,O,S,x,UNK,UNK
p,O,B,eng,UNK,UNK
i,O,M,eng,UNK,UNK
v,O,M,eng,UNK,UNK
o,O,M,eng,UNK,UNK
t,O,M,eng,UNK,UNK
a,O,M,eng,UNK,UNK
l,O,E,eng,UNK,UNK
SPACE,O,S,x,UNK,UNK
r,O,B,eng,UNK,UNK
o,O,M,eng,UNK,UNK
l,O,M,eng,UNK,UNK
e,O,E,eng,UNK,UNK
SPACE,O,S,x,UNK,UNK
i,O,B,eng,UNK,UNK
n,O,E,eng,UNK,UNK
SPACE,O,S,x,UNK,UNK
t,O,B,eng,UNK,UNK
u,O,M,eng,UNK,UNK
m,O,M,eng,UNK,UNK
o,O,M,eng,UNK,UNK
r,O,E,eng,UNK,UNK
SPACE,O,S,x,UNK,UNK
d,O,B,eng,UNK,UNK
e,O,M,eng,UNK,UNK
v,O,M,eng,UNK,UNK
e,O,M,eng,UNK,UNK
l,O,M,eng,UNK,UNK
o,O,M,eng,UNK,UNK
p,O,M,eng,UNK,UNK
m,O,M,eng,UNK,UNK
e,O,M,eng,UNK,UNK
n,O,M,eng,UNK,UNK
t,O,E,eng,UNK,UNK
sep,sep,sep,sep,sep,sep
SPACE,O,S,x,UNK,UNK
a,O,B,eng,UNK,UNK
n,O,M,eng,UNK,UNK
d,O,E,eng,UNK,UNK
SPACE,O,S,x,UNK,UNK
a,O,B,eng,UNK,UNK
n,O,M,eng,UNK,UNK
t,O,M,eng,UNK,UNK
i,O,M,eng,UNK,UNK
o,O,M,eng,UNK,UNK
x,O,M,eng,UNK,UNK
i,O,M,eng,UNK,UNK
d,O,M,eng,UNK,UNK
a,O,M,eng,UNK,UNK
n,O,M,eng,UNK,UNK
t,O,E,eng,UNK,UNK
SPACE,O,S,x,UNK,UNK
a,O,B,eng,UNK,UNK
n,O,M,eng,UNK,UNK
t,O,M,eng,UNK,UNK
i,O,M,eng,UNK,UNK
d,O,M,eng,UNK,UNK
i,O,M,eng,UNK,UNK
a,O,M,eng,UNK,UNK
b,O,M,eng,UNK,UNK
e,O,M,eng,UNK,UNK
t,O,M,eng,UNK,UNK
i,O,M,eng,UNK,UNK
c,O,E,eng,UNK,UNK
SPACE,O,S,x,UNK,UNK
a,O,B,eng,UNK,UNK
g,O,M,eng,UNK,UNK
e,O,M,eng,UNK,UNK
n,O,M,eng,UNK,UNK
t,O,M,eng,UNK,UNK
s,O,E,eng,UNK,UNK
SPACE,O,S,x,UNK,UNK
h,O,B,eng,UNK,UNK
a,O,M,eng,UNK,UNK
v,O,M,eng,UNK,UNK
e,O,E,eng,UNK,UNK
SPACE,O,S,x,UNK,UNK
t,O,B,eng,UNK,UNK
h,O,M,eng,UNK,UNK
e,O,E,eng,UNK,UNK
SPACE,O,S,x,UNK,UNK
p,O,B,eng,UNK,UNK
o,O,M,eng,UNK,UNK
t,O,M,eng,UNK,UNK
e,O,M,eng,UNK,UNK
n,O,M,eng,UNK,UNK
t,O,M,eng,UNK,UNK
i,O,M,eng,UNK,UNK
a,O,M,eng,UNK,UNK
l,O,E,eng,UNK,UNK
SPACE,O,S,x,UNK,UNK
e,O,B,eng,UNK,UNK
f,O,M,eng,UNK,UNK
f,O,M,eng,UNK,UNK
e,O,M,eng,UNK,UNK
c,O,M,eng,UNK,UNK
t,O,M,eng,UNK,UNK
s,O,E,eng,UNK,UNK
SPACE,O,S,x,UNK,UNK
o,O,B,eng,UNK,UNK
n,O,E,eng,UNK,UNK
SPACE,O,S,x,UNK,UNK
t,O,B,eng,UNK,UNK
h,O,M,eng,UNK,UNK
e,O,E,eng,UNK,UNK
SPACE,O,S,x,UNK,UNK
b,O,B,eng,UNK,UNK
i,O,M,eng,UNK,UNK
o,O,M,eng,UNK,UNK
l,O,M,eng,UNK,UNK
o,O,M,eng,UNK,UNK
g,O,M,eng,UNK,UNK
i,O,M,eng,UNK,UNK
c,O,M,eng,UNK,UNK
a,O,M,eng,UNK,UNK
l,O,E,eng,UNK,UNK
LB,O,S,x,UNK,UNK
b,O,B,eng,UNK,UNK
e,O,M,eng,UNK,UNK
h,O,M,eng,UNK,UNK
a,O,M,eng,UNK,UNK
v,O,M,eng,UNK,UNK
i,O,M,eng,UNK,UNK
o,O,M,eng,UNK,UNK
r,O,E,eng,UNK,UNK
SPACE,O,S,x,UNK,UNK
o,O,B,eng,UNK,UNK
f,O,E,eng,UNK,UNK
SPACE,O,S,x,UNK,UNK
t,O,B,eng,UNK,UNK
u,O,M,eng,UNK,UNK
m,O,M,eng,UNK,UNK
o,O,M,eng,UNK,UNK
r,O,M,eng,UNK,UNK
s,O,E,eng,UNK,UNK
.,O,S,m,UNK,UNK
sep,sep,sep,sep,sep,sep
SPACE,O,S,x,UNK,UNK
O,O,B,eng,UNK,UNK
u,O,M,eng,UNK,UNK
r,O,E,eng,UNK,UNK
SPACE,O,S,x,UNK,UNK
s,O,B,eng,UNK,UNK
t,O,M,eng,UNK,UNK
u,O,M,eng,UNK,UNK
d,O,M,eng,UNK,UNK
y,O,E,eng,UNK,UNK
SPACE,O,S,x,UNK,UNK
p,O,B,eng,UNK,UNK
u,O,M,eng,UNK,UNK
b,O,M,eng,UNK,UNK
l,O,M,eng,UNK,UNK
i,O,M,eng,UNK,UNK
s,O,M,eng,UNK,UNK
h,O,M,eng,UNK,UNK
e,O,M,eng,UNK,UNK
d,O,E,eng,UNK,UNK
SPACE,O,S,x,UNK,UNK
r,O,B,eng,UNK,UNK
e,O,M,eng,UNK,UNK
c,O,M,eng,UNK,UNK
e,O,M,eng,UNK,UNK
n,O,M,eng,UNK,UNK
t,O,M,eng,UNK,UNK
l,O,M,eng,UNK,UNK
y,O,E,eng,UNK,UNK
SPACE,O,S,x,UNK,UNK
o,O,B,eng,UNK,UNK
n,O,E,eng,UNK,UNK
SPACE,O,S,x,UNK,UNK
S,O,B,eng,UNK,UNK
c,O,M,eng,UNK,UNK
i,O,M,eng,UNK,UNK
e,O,M,eng,UNK,UNK
n,O,M,eng,UNK,UNK
c,O,M,eng,UNK,UNK
e,O,E,eng,UNK,UNK
SPACE,O,S,x,UNK,UNK
T,O,B,eng,UNK,UNK
r,O,M,eng,UNK,UNK
a,O,M,eng,UNK,UNK
n,O,M,eng,UNK,UNK
s,O,M,eng,UNK,UNK
l,O,M,eng,UNK,UNK
a,O,M,eng,UNK,UNK
t,O,M,eng,UNK,UNK
i,O,M,eng,UNK,UNK
o,O,M,eng,UNK,UNK
n,O,M,eng,UNK,UNK
a,O,M,eng,UNK,UNK
l,O,E,eng,UNK,UNK
SPACE,O,S,x,UNK,UNK
M,O,B,eng,UNK,UNK
e,O,M,eng,UNK,UNK
d,O,M,eng,UNK,UNK
i,O,M,eng,UNK,UNK
c,O,M,eng,UNK,UNK
i,O,M,eng,UNK,UNK
n,O,M,eng,UNK,UNK
e,O,E,eng,UNK,UNK
SPACE,O,S,x,UNK,UNK
f,O,B,eng,UNK,UNK
o,O,M,eng,UNK,UNK
u,O,M,eng,UNK,UNK
n,O,M,eng,UNK,UNK
d,O,E,eng,UNK,UNK
SPACE,O,S,x,UNK,UNK
t,O,B,eng,UNK,UNK
h,O,M,eng,UNK,UNK
a,O,M,eng,UNK,UNK
t,O,E,eng,UNK,UNK
SPACE,O,S,x,UNK,UNK
a,O,B,eng,UNK,UNK
n,O,M,eng,UNK,UNK
t,O,M,eng,UNK,UNK
i,O,M,eng,UNK,UNK
o,O,M,eng,UNK,UNK
x,O,M,eng,UNK,UNK
i,O,M,eng,UNK,UNK
d,O,M,eng,UNK,UNK
a,O,M,eng,UNK,UNK
n,O,M,eng,UNK,UNK
t,O,E,eng,UNK,UNK
SPACE,O,S,x,UNK,UNK
a,O,B,eng,UNK,UNK
n,O,M,eng,UNK,UNK
t,O,M,eng,UNK,UNK
i,O,M,eng,UNK,UNK
d,O,M,eng,UNK,UNK
i,O,M,eng,UNK,UNK
a,O,M,eng,UNK,UNK
b,O,M,eng,UNK,UNK
e,O,M,eng,UNK,UNK
t,O,M,eng,UNK,UNK
i,O,M,eng,UNK,UNK
c,O,E,eng,UNK,UNK
sep,sep,sep,sep,sep,sep
LB,O,S,x,UNK,UNK
a,O,B,eng,UNK,UNK
g,O,M,eng,UNK,UNK
e,O,M,eng,UNK,UNK
n,O,M,eng,UNK,UNK
t,O,M,eng,UNK,UNK
s,O,E,eng,UNK,UNK
SPACE,O,S,x,UNK,UNK
c,O,B,eng,UNK,UNK
o,O,M,eng,UNK,UNK
u,O,M,eng,UNK,UNK
l,O,M,eng,UNK,UNK
d,O,E,eng,UNK,UNK
SPACE,O,S,x,UNK,UNK
i,O,B,eng,UNK,UNK
n,O,M,eng,UNK,UNK
c,O,M,eng,UNK,UNK
r,O,M,eng,UNK,UNK
e,O,M,eng,UNK,UNK
a,O,M,eng,UNK,UNK
s,O,M,eng,UNK,UNK
e,O,E,eng,UNK,UNK
SPACE,O,S,x,UNK,UNK
n,O,B,eng,UNK,UNK
u,O,M,eng,UNK,UNK
c,O,M,eng,UNK,UNK
l,O,M,eng,UNK,UNK
e,O,M,eng,UNK,UNK
a,O,M,eng,UNK,UNK
r,O,E,eng,UNK,UNK
SPACE,O,S,x,UNK,UNK
f,O,B,eng,UNK,UNK
a,O,M,eng,UNK,UNK
c,O,M,eng,UNK,UNK
t,O,M,eng,UNK,UNK
o,O,M,eng,UNK,UNK
r,O,E,eng,UNK,UNK
SPACE,O,S,x,UNK,UNK
e,O,B,eng,UNK,UNK
r,O,M,eng,UNK,UNK
y,O,M,eng,UNK,UNK
t,O,M,eng,UNK,UNK
h,O,M,eng,UNK,UNK
r,O,M,eng,UNK,UNK
o,O,M,eng,UNK,UNK
i,O,M,eng,UNK,UNK
d,O,E,eng,UNK,UNK
SPACE,O,S,x,UNK,UNK
num,O,S,x,UNK,UNK
-,O,S,x,UNK,UNK
r,O,B,eng,UNK,UNK
e,O,M,eng,UNK,UNK
l,O,M,eng,UNK,UNK
a,O,M,eng,UNK,UNK
t,O,M,eng,UNK,UNK
e,O,M,eng,UNK,UNK
d,O,E,eng,UNK,UNK
SPACE,O,S,x,UNK,UNK
f,O,B,eng,UNK,UNK
a,O,M,eng,UNK,UNK
c,O,M,eng,UNK,UNK
t,O,M,eng,UNK,UNK
o,O,M,eng,UNK,UNK
r,O,E,eng,UNK,UNK
SPACE,O,S,x,UNK,UNK
num,O,S,x,UNK,UNK
(,O,S,x,UNK,UNK
N,O,B,eng,UNK,UNK
r,O,M,eng,UNK,UNK
f,O,M,eng,UNK,UNK
num,O,E,eng,UNK,UNK
),O,S,x,UNK,UNK
SPACE,O,S,x,UNK,UNK
e,O,B,eng,UNK,UNK
x,O,M,eng,UNK,UNK
p,O,M,eng,UNK,UNK
r,O,M,eng,UNK,UNK
e,O,M,eng,UNK,UNK
s,O,M,eng,UNK,UNK
s,O,M,eng,UNK,UNK
i,O,M,eng,UNK,UNK
o,O,M,eng,UNK,UNK
n,O,E,eng,UNK,UNK
",",O,S,x,UNK,UNK
sep,sep,sep,sep,sep,sep
SPACE,O,S,x,UNK,UNK
w,O,B,eng,UNK,UNK
h,O,M,eng,UNK,UNK
i,O,M,eng,UNK,UNK
c,O,M,eng,UNK,UNK
h,O,E,eng,UNK,UNK
SPACE,O,S,x,UNK,UNK
m,O,B,eng,UNK,UNK
a,O,M,eng,UNK,UNK
y,O,E,eng,UNK,UNK
SPACE,O,S,x,UNK,UNK
p,O,B,eng,UNK,UNK
o,O,M,eng,UNK,UNK
t,O,M,eng,UNK,UNK
e,O,M,eng,UNK,UNK
n,O,M,eng,UNK,UNK
t,O,M,eng,UNK,UNK
i,O,M,eng,UNK,UNK
a,O,M,eng,UNK,UNK
l,O,M,eng,UNK,UNK
l,O,M,eng,UNK,UNK
y,O,E,eng,UNK,UNK
SPACE,O,S,x,UNK,UNK
a,O,B,eng,UNK,UNK
c,O,M,eng,UNK,UNK
c,O,M,eng,UNK,UNK
e,O,M,eng,UNK,UNK
l,O,M,eng,UNK,UNK
e,O,M,eng,UNK,UNK
r,O,M,eng,UNK,UNK
a,O,M,eng,UNK,UNK
t,O,M,eng,UNK,UNK
e,O,M,eng,UNK,UNK
s,O,E,eng,UNK,UNK
LB,O,S,x,UNK,UNK
t,O,B,eng,UNK,UNK
u,O,M,eng,UNK,UNK
m,O,M,eng,UNK,UNK
o,O,M,eng,UNK,UNK
r,O,E,eng,UNK,UNK
SPACE,O,S,x,UNK,UNK
m,O,B,eng,UNK,UNK
e,O,M,eng,UNK,UNK
t,O,M,eng,UNK,UNK
a,O,M,eng,UNK,UNK
s,O,M,eng,UNK,UNK
t,O,M,eng,UNK,UNK
a,O,M,eng,UNK,UNK
s,O,M,eng,UNK,UNK
i,O,M,eng,UNK,UNK
s,O,E,eng,UNK,UNK
SPACE,O,S,x,UNK,UNK
i,O,B,eng,UNK,UNK
n,O,E,eng,UNK,UNK
SPACE,O,S,x,UNK,UNK
m,O,B,eng,UNK,UNK
i,O,M,eng,UNK,UNK
c,O,M,eng,UNK,UNK
e,O,E,eng,UNK,UNK
SPACE,O,S,x,UNK,UNK
m,O,B,eng,UNK,UNK
o,O,M,eng,UNK,UNK
d,O,M,eng,UNK,UNK
e,O,M,eng,UNK,UNK
l,O,M,eng,UNK,UNK
s,O,E,eng,UNK,UNK
.,O,S,m,UNK,UNK
sep,sep,sep,sep,sep,sep
SPACE,O,S,x,UNK,UNK
T,O,B,eng,UNK,UNK
h,O,M,eng,UNK,UNK
i,O,M,eng,UNK,UNK
s,O,E,eng,UNK,UNK
SPACE,O,S,x,UNK,UNK
s,O,B,eng,UNK,UNK
u,O,M,eng,UNK,UNK
g,O,M,eng,UNK,UNK
g,O,M,eng,UNK,UNK
e,O,M,eng,UNK,UNK
s,O,M,eng,UNK,UNK
t,O,M,eng,UNK,UNK
s,O,E,eng,UNK,UNK
SPACE,O,S,x,UNK,UNK
t,O,B,eng,UNK,UNK
h,O,M,eng,UNK,UNK
a,O,M,eng,UNK,UNK
t,O,E,eng,UNK,UNK
SPACE,O,S,x,UNK,UNK
a,O,B,eng,UNK,UNK
n,O,M,eng,UNK,UNK
t,O,M,eng,UNK,UNK
i,O,M,eng,UNK,UNK
o,O,M,eng,UNK,UNK
x,O,M,eng,UNK,UNK
i,O,M,eng,UNK,UNK
d,O,M,eng,UNK,UNK
a,O,M,eng,UNK,UNK
n,O,M,eng,UNK,UNK
t,O,M,eng,UNK,UNK
s,O,E,eng,UNK,UNK
SPACE,O,S,x,UNK,UNK
s,O,B,eng,UNK,UNK
h,O,M,eng,UNK,UNK
o,O,M,eng,UNK,UNK
u,O,M,eng,UNK,UNK
l,O,M,eng,UNK,UNK
d,O,E,eng,UNK,UNK
SPACE,O,S,x,UNK,UNK
b,O,B,eng,UNK,UNK
e,O,E,eng,UNK,UNK
SPACE,O,S,x,UNK,UNK
a,O,B,eng,UNK,UNK
d,O,M,eng,UNK,UNK
m,O,M,eng,UNK,UNK
i,O,M,eng,UNK,UNK
n,O,M,eng,UNK,UNK
i,O,M,eng,UNK,UNK
s,O,M,eng,UNK,UNK
t,O,M,eng,UNK,UNK
e,O,M,eng,UNK,UNK
r,O,M,eng,UNK,UNK
e,O,M,eng,UNK,UNK
d,O,E,eng,UNK,UNK
sep,sep,sep,sep,sep,sep
SPACE,O,S,x,UNK,UNK
w,O,B,eng,UNK,UNK
i,O,M,eng,UNK,UNK
t,O,M,eng,UNK,UNK
h,O,E,eng,UNK,UNK
SPACE,O,S,x,UNK,UNK
c,O,B,eng,UNK,UNK
a,O,M,eng,UNK,UNK
u,O,M,eng,UNK,UNK
t,O,M,eng,UNK,UNK
i,O,M,eng,UNK,UNK
o,O,M,eng,UNK,UNK
n,O,E,eng,UNK,UNK
SPACE,O,S,x,UNK,UNK
i,O,B,eng,UNK,UNK
n,O,E,eng,UNK,UNK
SPACE,O,S,x,UNK,UNK
d,O,B,eng,UNK,UNK
i,O,M,eng,UNK,UNK
a,O,M,eng,UNK,UNK
b,O,M,eng,UNK,UNK
e,O,M,eng,UNK,UNK
t,O,M,eng,UNK,UNK
i,O,M,eng,UNK,UNK
c,O,E,eng,UNK,UNK
LB,O,S,x,UNK,UNK
p,O,B,eng,UNK,UNK
a,O,M,eng,UNK,UNK
t,O,M,eng,UNK,UNK
i,O,M,eng,UNK,UNK
e,O,M,eng,UNK,UNK
n,O,M,eng,UNK,UNK
t,O,M,eng,UNK,UNK
s,O,E,eng,UNK,UNK
SPACE,O,S,x,UNK,UNK
w,O,B,eng,UNK,UNK
i,O,M,eng,UNK,UNK
t,O,M,eng,UNK,UNK
h,O,E,eng,UNK,UNK
SPACE,O,S,x,UNK,UNK
c,O,B,eng,UNK,UNK
a,O,M,eng,UNK,UNK
n,O,M,eng,UNK,UNK
c,O,M,eng,UNK,UNK
e,O,M,eng,UNK,UNK
r,O,E,eng,UNK,UNK
.,O,S,m,UNK,UNK
LB,O,S,x,UNK,UNK
[,O,S,x,UNK,UNK
K,O,B,eng,UNK,UNK
e,O,M,eng,UNK,UNK
y,O,E,eng,UNK,UNK
SPACE,O,S,x,UNK,UNK
w,O,B,eng,UNK,UNK
o,O,M,eng,UNK,UNK
r,O,M,eng,UNK,UNK
d,O,M,eng,UNK,UNK
s,O,E,eng,UNK,UNK
],O,S,x,UNK,UNK
SPACE,O,S,x,UNK,UNK
SPACE,O,S,x,UNK,UNK
D,O,B,eng,UNK,UNK
i,O,M,eng,UNK,UNK
a,O,M,eng,UNK,UNK
b,O,M,eng,UNK,UNK
e,O,M,eng,UNK,UNK
t,O,M,eng,UNK,UNK
e,O,M,eng,UNK,UNK
s,O,E,eng,UNK,UNK
SPACE,O,S,x,UNK,UNK
m,O,B,eng,UNK,UNK
e,O,M,eng,UNK,UNK
l,O,M,eng,UNK,UNK
l,O,M,eng,UNK,UNK
i,O,M,eng,UNK,UNK
t,O,M,eng,UNK,UNK
u,O,M,eng,UNK,UNK
s,O,E,eng,UNK,UNK
;,O,S,x,UNK,UNK
SPACE,O,S,x,UNK,UNK
T,O,B,eng,UNK,UNK
u,O,M,eng,UNK,UNK
m,O,M,eng,UNK,UNK
o,O,M,eng,UNK,UNK
r,O,E,eng,UNK,UNK
;,O,S,x,UNK,UNK
SPACE,O,S,x,UNK,UNK
A,O,B,eng,UNK,UNK
n,O,M,eng,UNK,UNK
t,O,M,eng,UNK,UNK
i,O,M,eng,UNK,UNK
o,O,M,eng,UNK,UNK
x,O,M,eng,UNK,UNK
i,O,M,eng,UNK,UNK
d,O,M,eng,UNK,UNK
a,O,M,eng,UNK,UNK
n,O,M,eng,UNK,UNK
t,O,E,eng,UNK,UNK
LB,O,S,x,UNK,UNK
(,O,S,x,UNK,UNK
C,O,B,eng,UNK,UNK
h,O,M,eng,UNK,UNK
i,O,M,eng,UNK,UNK
n,O,E,eng,UNK,UNK
SPACE,O,S,x,UNK,UNK
J,O,S,x,UNK,UNK
SPACE,O,S,x,UNK,UNK
E,O,B,eng,UNK,UNK
n,O,M,eng,UNK,UNK
d,O,M,eng,UNK,UNK
o,O,M,eng,UNK,UNK
c,O,M,eng,UNK,UNK
r,O,M,eng,UNK,UNK
i,O,M,eng,UNK,UNK
n,O,M,eng,UNK,UNK
o,O,M,eng,UNK,UNK
l,O,E,eng,UNK,UNK
SPACE,O,S,x,UNK,UNK
M,O,B,eng,UNK,UNK
e,O,M,eng,UNK,UNK
t,O,M,eng,UNK,UNK
a,O,M,eng,UNK,UNK
b,O,E,eng,UNK,UNK
",",O,S,x,UNK,UNK
sep,sep,sep,sep,sep,sep
SPACE,O,S,x,UNK,UNK
num,O,B,m,UNK,UNK
num,O,M,m,UNK,UNK
num,O,M,m,UNK,UNK
num,O,E,m,UNK,UNK
",",O,S,x,UNK,UNK
SPACE,O,S,x,UNK,UNK
num,O,B,m,UNK,UNK
num,O,E,m,UNK,UNK
:,O,S,x,UNK,UNK
SPACE,O,S,x,UNK,UNK
num,O,B,m,UNK,UNK
num,O,M,m,UNK,UNK
num,O,E,m,UNK,UNK
-,O,S,x,UNK,UNK
num,O,B,m,UNK,UNK
num,O,M,m,UNK,UNK
num,O,E,m,UNK,UNK
),O,S,x,UNK,UNK
LB,O,S,x,UNK,UNK
一,O,S,m,一,yī
、,O,S,x,UNK,UNK
SPACE,O,S,x,UNK,UNK
糖,B-Disease,B,n,米,táng
尿,I-Disease,M,n,尸,niào
病,I-Disease,E,n,疒,bìng
治,O,B,v,氵,zhì
疗,O,E,v,疒,liáo
与,O,S,p,一,yǔ
肿,B-Disease,B,n,月,zhǒng
瘤,I-Disease,E,n,疒,liú
LB,O,S,x,UNK,UNK
自,O,S,p,自,zì
SPACE,O,S,x,UNK,UNK
num,O,B,m,UNK,UNK
num,O,M,m,UNK,UNK
num,O,M,m,UNK,UNK
num,O,E,m,UNK,UNK
SPACE,O,S,x,UNK,UNK
年,O,S,m,干,nián
SPACE,O,S,x,UNK,UNK
M,O,B,eng,UNK,UNK
a,O,M,eng,UNK,UNK
y,O,M,eng,UNK,UNK
n,O,M,eng,UNK,UNK
a,O,M,eng,UNK,UNK
r,O,M,eng,UNK,UNK
d,O,E,eng,UNK,UNK
SPACE,O,S,x,UNK,UNK
提,O,B,v,扌,tí
出,O,E,v,凵,chū
“,O,S,x,UNK,UNK
糖,B-Disease,B,n,米,táng
尿,I-Disease,M,n,尸,niào
病,I-Disease,E,n,疒,bìng
与,O,S,p,一,yǔ
肿,B-Disease,B,n,月,zhǒng
瘤,I-Disease,E,n,疒,liú
相,O,B,v,目,xiāng
关,O,E,v,丷,guān
冶,O,S,vg,冫,yě
的,O,S,uj,白,dí
LB,O,S,x,UNK,UNK
概,O,B,n,木,gài
念,O,E,n,心,niàn
以,O,B,f,人,yǐ
来,O,E,f,木,lái
[,O,S,x,UNK,UNK
num,O,S,x,UNK,UNK
],O,S,x,UNK,UNK
",",O,S,x,UNK,UNK
sep,sep,sep,sep,sep,sep
糖,B-Disease,B,n,米,táng
尿,I-Disease,M,n,尸,niào
病,I-Disease,E,n,疒,bìng
与,O,S,p,一,yǔ
肿,B-Disease,B,n,月,zhǒng
瘤,I-Disease,E,n,疒,liú
的,O,S,uj,白,dí
关,O,B,n,丷,guān
联,O,M,n,耳,lián
性,O,E,n,忄,xìng
就,O,S,d,尢,jiù
受,O,B,v,又,shòu
到,O,E,v,刂,dào
了,O,S,ul,乙,liǎo
诸,O,B,m,讠,zhū
多,O,E,m,夕,duō
学,O,S,n,子,xué
LB,O,S,x,UNK,UNK
者,O,S,k,耂,zhě
的,O,S,uj,白,dí
关,O,B,v,丷,guān
注,O,E,v,氵,zhù
。,O,S,x,UNK,UNK
sep,sep,sep,sep,sep,sep
SPACE,O,S,x,UNK,UNK
越,O,B,d,走,yuè
来,O,M,d,木,lái
越,O,E,d,走,yuè
多,O,S,m,夕,duō
流,O,B,n,氵,liú
行,O,M,n,行,háng
病,O,M,n,疒,bìng
学,O,E,n,子,xué
证,O,B,n,讠,zhèng
据,O,E,n,扌,jù
表,O,B,v,衣,biǎo
明,O,E,v,日,míng
",",O,S,x,UNK,UNK
sep,sep,sep,sep,sep,sep
糖,B-Disease,B,n,米,táng
尿,I-Disease,M,n,尸,niào
病,I-Disease,E,n,疒,bìng
增,O,B,v,土,zēng
加,O,E,v,力,jiā
LB,O,S,x,UNK,UNK
多,O,B,m,夕,duō
种,O,E,m,禾,zhǒng
肿,B-Disease,B,n,月,zhǒng
瘤,I-Disease,E,n,疒,liú
(,O,S,x,UNK,UNK
结,B-Disease,B,n,纟,jié
肠,I-Disease,M,n,月,cháng
癌,I-Disease,E,n,疒,ái
、,O,S,x,UNK,UNK
胰,B-Disease,B,n,月,yí
腺,I-Disease,M,n,月,xiàn
癌,I-Disease,E,n,疒,ái
、,O,S,x,UNK,UNK
肝,B-Disease,B,n,月,gān
癌,I-Disease,E,n,疒,ái
等,O,S,u,竹,děng
),O,S,x,UNK,UNK
的,O,S,uj,白,dí
发,O,B,v,又,fā
生,O,E,v,生,shēng
风,O,B,n,风,fēng
险,O,E,n,阝,xiǎn
",",O,S,x,UNK,UNK
sep,sep,sep,sep,sep,sep
糖,B-Disease,B,n,米,táng
尿,I-Disease,E,n,尸,niào
LB,I-Disease,S,x,UNK,UNK
病,I-Disease,S,n,疒,bìng
合,O,B,v,口,hé
并,O,E,v,干,bìng
肿,B-Disease,B,n,月,zhǒng
瘤,I-Disease,E,n,疒,liú
的,O,S,uj,白,dí
患,O,B,n,心,huàn
者,O,E,n,耂,zhě
人,O,B,n,人,rén
群,O,E,n,羊,qún
日,O,B,n,日,rì
益,O,E,n,皿,yì
扩,O,B,v,扌,kuò
大,O,E,v,大,dà
[,O,S,x,UNK,UNK
num,O,S,x,UNK,UNK
],O,S,x,UNK,UNK
。,O,S,x,UNK,UNK
sep,sep,sep,sep,sep,sep
SPACE,O,S,x,UNK,UNK
针,O,B,p,钅,zhēn
对,O,E,p,寸,duì
这,O,S,r,辶,zhè
一,O,S,m,一,yī
特,O,B,a,牜,tè
殊,O,E,a,歹,shū
LB,O,S,x,UNK,UNK
人,O,B,n,人,rén
群,O,E,n,羊,qún
亦,O,B,v,亠,yì
需,O,E,v,雨,xū
采,O,B,nr,采,cǎi
取,O,M,nr,又,qǔ
相,O,M,nr,目,xiāng
应,O,E,nr,广,yīng
的,O,S,uj,白,dí
糖,B-Disease,B,n,米,táng
尿,I-Disease,M,n,尸,niào
病,I-Disease,E,n,疒,bìng
治,O,B,v,氵,zhì
疗,O,E,v,疒,liáo
",",O,S,x,UNK,UNK
sep,sep,sep,sep,sep,sep
但,O,S,c,亻,dàn
糖,B-Disease,B,n,米,táng
尿,I-Disease,M,n,尸,niào
病,I-Disease,E,n,疒,bìng
治,O,B,v,氵,zhì
疗,O,E,v,疒,liáo
却,O,S,d,卩,què
有,O,S,v,月,yǒu
LB,O,S,x,UNK,UNK
可,O,B,v,口,kě
能,O,E,v,月,néng
通,O,B,p,辶,tōng
过,O,E,p,辶,guò
改,O,B,v,攵,gǎi
变,O,E,v,又,biàn
细,O,B,n,纟,xì
胞,O,E,n,月,bāo
糖,O,S,zg,米,táng
代,O,B,v,亻,dài
谢,O,E,v,讠,xiè
、,O,S,x,UNK,UNK
胰,B-Test,B,n,月,yí
岛,I-Test,M,n,山,dǎo
素,I-Test,E,n,糸,sù
SPACE,O,S,x,UNK,UNK
/,O,S,x,UNK,UNK
SPACE,O,S,x,UNK,UNK
胰,B-Test,B,n,月,yí
岛,I-Test,M,n,山,dǎo
素,I-Test,E,n,糸,sù
样,I-Test,S,n,木,yàng
生,I-Test,B,nr,生,shēng
长,I-Test,M,nr,长,cháng
因,I-Test,M,nr,囗,yīn
子,I-Test,E,nr,子,zǐ
LB,I-Test,S,x,UNK,UNK
I,I-Test,S,x,UNK,UNK
、,O,S,x,UNK,UNK
氧,O,B,n,气,yǎng
化,O,M,n,亻,huà
应,O,M,n,广,yīng
激,O,E,n,氵,jī
等,O,S,u,竹,děng
因,O,B,n,囗,yīn
素,O,E,n,糸,sù
",",O,S,x,UNK,UNK
sep,sep,sep,sep,sep,sep
而,O,S,c,而,ér
对,O,S,p,寸,duì
肿,B-Disease,B,n,月,zhǒng
瘤,I-Disease,E,n,疒,liú
细,O,B,n,纟,xì
胞,O,E,n,月,bāo
的,O,S,uj,白,dí
生,O,B,n,生,shēng
物,O,M,n,牜,wù
学,O,E,n,子,xué
行,O,B,v,行,háng
为,O,E,v,丶,wéi
产,O,B,n,亠,chǎn
生,O,E,n,生,shēng
LB,O,S,x,UNK,UNK
影,O,B,vn,彡,yǐng
响,O,E,vn,口,xiǎng
;,O,S,x,UNK,UNK
sep,sep,sep,sep,sep,sep
并,O,B,c,干,bìng
且,O,E,c,一,qiě
糖,B-Disease,B,n,米,táng
尿,I-Disease,M,n,尸,niào
病,I-Disease,E,n,疒,bìng
治,O,B,v,氵,zhì
疗,O,E,v,疒,liáo
多,O,S,m,夕,duō
需,O,S,v,雨,xū
长,O,B,d,长,cháng
期,O,E,d,月,qī
维,O,B,v,纟,wéi
持,O,E,v,扌,chí
",",O,S,x,UNK,UNK
sep,sep,sep,sep,sep,sep
长,O,B,l,长,cháng
时,O,M,l,日,shí
间,O,E,l,门,jiān
的,O,S,uj,白,dí
暴,O,B,v,日,bào
露,O,E,v,雨,lòu
与,O,S,p,一,yǔ
LB,O,S,x,UNK,UNK
肝,B-Disease,B,n,月,gān
肾,I-Disease,E,n,月,shèn
功,I-Disease,B,n,力,gōng
能,I-Disease,E,n,月,néng
损,I-Disease,B,v,扌,sǔn
伤,I-Disease,E,v,亻,shāng
所,O,B,c,户,suǒ
致,O,E,c,至,zhì
的,O,S,uj,白,dí
剂,O,B,n,刂,jì
量,O,E,n,里,liáng
堆,O,B,v,土,duī
积,O,E,v,禾,jī
均,O,S,d,土,jūn
可,O,B,v,口,kě
能,O,E,v,月,néng
放,O,B,v,攵,fàng
大,O,E,v,大,dà
这,O,B,r,辶,zhè
一,O,E,r,一,yī
效,O,S,n,攵,xiào
LB,O,S,x,UNK,UNK
应,O,S,v,广,yīng
[,O,S,x,UNK,UNK
num,O,S,x,UNK,UNK
],O,S,x,UNK,UNK
。,O,S,x,UNK,UNK
SPACE,O,S,x,UNK,UNK
事,O,B,l,亅,shì
实,O,M,l,宀,shí
上,O,E,l,一,shàng
",",O,S,x,UNK,UNK
糖,B-Disease,B,n,米,táng
尿,I-Disease,M,n,尸,niào
病,I-Disease,E,n,疒,bìng
治,O,B,v,氵,zhì
疗,O,E,v,疒,liáo
与,O,S,p,一,yǔ
肿,B-Disease,B,n,月,zhǒng
瘤,I-Disease,E,n,疒,liú
的,O,S,uj,白,dí
相,O,B,l,目,xiāng
关,O,M,l,丷,guān
性,O,E,l,忄,xìng
早,O,B,d,日,zǎo
已,O,E,d,己,yǐ
引,O,B,v,弓,yǐn
起,O,E,v,走,qǐ
LB,O,S,x,UNK,UNK
众,O,B,m,人,zhòng
多,O,E,m,夕,duō
研,O,B,n,石,yán
究,O,M,n,穴,jiū
者,O,E,n,耂,zhě
的,O,S,uj,白,dí
关,O,B,v,丷,guān
注,O,E,v,氵,zhù
:,O,S,x,UNK,UNK
基,O,B,p,土,jī
于,O,E,p,二,yú
SPACE,O,S,x,UNK,UNK
num,O,B,m,UNK,UNK
num,O,M,m,UNK,UNK
num,O,E,m,UNK,UNK
SPACE,O,S,x,UNK,UNK
num,O,B,m,UNK,UNK
num,O,M,m,UNK,UNK
num,O,E,m,UNK,UNK
SPACE,O,S,x,UNK,UNK
例,O,S,v,亻,lì
患,O,B,n,心,huàn
者,O,E,n,耂,zhě
人,O,B,n,人,rén
群,O,E,n,羊,qún
的,O,S,uj,白,dí
队,O,B,n,阝,duì
列,O,E,n,刂,liè
LB,O,S,x,UNK,UNK
研,O,B,vn,石,yán
究,O,E,vn,穴,jiū
分,O,B,vn,刀,fēn
析,O,E,vn,木,xī
发,O,B,v,又,fā
现,O,E,v,见,xiàn
",",O,S,x,UNK,UNK
sep,sep,sep,sep,sep,sep
噻,B-Drug,B,n,口,sāi
唑,I-Drug,E,n,口,zuò
烷,I-Drug,B,nz,火,wán
二,I-Drug,E,nz,二,èr
酮,I-Drug,B,n,酉,tóng
类,I-Drug,E,n,米,lèi
药,O,B,n,艹,yào
物,O,E,n,牜,wù
吡,B-Drug,B,n,口,pǐ
格,I-Drug,E,n,木,gé
列,I-Drug,B,n,刂,liè
酮,I-Drug,E,n,酉,tóng
的,O,S,uj,白,dí
用,O,S,n,用,yòng
药,O,B,n,艹,yào
剂,O,E,n,刂,jì
LB,O,S,x,UNK,UNK
量,O,S,n,里,liáng
、,O,S,x,UNK,UNK
时,O,B,n,日,shí
间,O,E,n,门,jiān
与,O,S,p,一,yǔ
膀,B-Disease,B,n,月,bǎng
胱,I-Disease,M,n,月,guāng
癌,I-Disease,E,n,疒,ái
的,O,S,uj,白,dí
发,O,B,v,又,fā
生,O,E,v,生,shēng
显,O,B,a,日,xiǎn
著,O,E,a,艹,zhù
正,O,S,d,止,zhèng
相,O,B,v,目,xiāng
关,O,E,v,丷,guān
(,O,S,x,UNK,UNK
H,O,B,eng,UNK,UNK
R,O,E,eng,UNK,UNK
SPACE,O,S,x,UNK,UNK
num,O,B,m,UNK,UNK
.,O,E,m,UNK,UNK
SPACE,O,S,x,UNK,UNK
num,O,B,m,UNK,UNK
num,O,E,m,UNK,UNK
",",O,S,x,UNK,UNK
SPACE,O,S,x,UNK,UNK
num,O,B,m,UNK,UNK
num,O,E,m,UNK,UNK
%,O,S,x,UNK,UNK
LB,O,S,x,UNK,UNK
C,O,B,eng,UNK,UNK
I,O,E,eng,UNK,UNK
SPACE,O,S,x,UNK,UNK
num,O,B,m,UNK,UNK
.,O,E,m,UNK,UNK
SPACE,O,S,x,UNK,UNK
num,O,B,m,UNK,UNK
num,O,E,m,UNK,UNK
SPACE,O,S,x,UNK,UNK
~,O,S,x,UNK,UNK
SPACE,O,S,x,UNK,UNK
num,O,B,m,UNK,UNK
.,O,E,m,UNK,UNK
SPACE,O,S,x,UNK,UNK
num,O,B,m,UNK,UNK
num,O,E,m,UNK,UNK
),O,S,x,UNK,UNK
SPACE,O,S,x,UNK,UNK
[,O,S,x,UNK,UNK
num,O,S,x,UNK,UNK
],O,S,x,UNK,UNK
;,O,S,x,UNK,UNK
sep,sep,sep,sep,sep,sep
胰,B-Drug,B,n,月,yí
升,I-Drug,M,n,十,shēng
糖,I-Drug,M,n,米,táng
素,I-Drug,E,n,糸,sù
样,I-Drug,B,n,木,yàng
肽,I-Drug,E,n,月,tài
SPACE,I-Drug,S,x,UNK,UNK
num,I-Drug,S,x,UNK,UNK
(,I-Drug,S,x,UNK,UNK
G,I-Drug,B,eng,UNK,UNK
L,I-Drug,M,eng,UNK,UNK
P,I-Drug,E,eng,UNK,UNK
-,I-Drug,S,x,UNK,UNK
num,I-Drug,S,x,UNK,UNK
),I-Drug,S,x,UNK,UNK
激,I-Drug,B,n,氵,jī
动,I-Drug,M,n,力,dòng
剂,I-Drug,E,n,刂,jì
也,O,S,d,乙,yě
LB,O,S,x,UNK,UNK
被,O,S,p,衤,bèi
报,O,B,v,扌,bào
道,O,E,v,辶,dào
具,O,B,v,八,jù
有,O,E,v,月,yǒu
诱,O,B,vn,讠,yòu
导,O,E,vn,寸,dǎo
胰,B-Disease,B,n,月,yí
腺,I-Disease,E,n,月,xiàn
上,I-Disease,B,n,一,shàng
皮,I-Disease,E,n,皮,pí
瘤,I-Disease,S,n,疒,liú
变,I-Disease,S,v,又,biàn
的,O,S,uj,白,dí
可,O,B,v,口,kě
能,O,E,v,月,néng
[,O,S,x,UNK,UNK
num,O,S,x,UNK,UNK
],O,S,x,UNK,UNK
;,O,S,x,UNK,UNK
sep,sep,sep,sep,sep,sep
而,O,S,c,而,ér
经,O,B,n,纟,jīng
典,O,E,n,八,diǎn
降,O,B,n,阝,jiàng
糖,O,E,n,米,táng
LB,O,S,x,UNK,UNK
药,O,S,n,艹,yào
二,B-Drug,B,b,二,èr
甲,I-Drug,E,b,田,jiǎ
双,I-Drug,S,m,又,shuāng
胍,I-Drug,S,g,月,guā
却,O,S,d,卩,què
能,O,S,v,月,néng
显,O,B,a,日,xiǎn
著,O,E,a,艹,zhù
降,O,B,v,阝,jiàng
低,O,E,v,亻,dī
多,O,B,m,夕,duō
种,O,E,m,禾,zhǒng
肿,B-Disease,B,n,月,zhǒng
瘤,I-Disease,E,n,疒,liú
(,O,S,x,UNK,UNK
乳,B-Disease,B,n,乚,rǔ
腺,I-Disease,M,n,月,xiàn
癌,I-Disease,E,n,疒,ái
、,O,S,x,UNK,UNK
肠,B-Disease,B,n,月,cháng
癌,I-Disease,E,n,疒,ái
、,O,S,x,UNK,UNK
肺,B-Disease,S,n,月,fèi
LB,I-Disease,S,x,UNK,UNK
癌,I-Disease,S,zg,疒,ái
),O,S,x,UNK,UNK
的,O,S,uj,白,dí
发,O,B,v,又,fā
生,O,E,v,生,shēng
风,O,B,n,风,fēng
险,O,E,n,阝,xiǎn
",",O,S,x,UNK,UNK
sep,sep,sep,sep,sep,sep
甚,O,B,d,甘,shèn
至,O,E,d,至,zhì
有,O,S,v,月,yǒu
研,O,B,n,石,yán
究,O,M,n,穴,jiū
者,O,E,n,耂,zhě
提,O,B,v,扌,tí
出,O,E,v,凵,chū
其,O,S,r,八,qí
可,O,S,v,口,kě
应,O,B,v,广,yīng
用,O,E,v,用,yòng
于,O,S,p,二,yú
肿,B-Disease,B,n,月,zhǒng
瘤,I-Disease,E,n,疒,liú
LB,O,S,x,UNK,UNK
的,O,S,uj,白,dí
预,O,B,v,页,yù
防,O,E,v,阝,fáng
[,O,S,x,UNK,UNK
num,O,S,x,UNK,UNK
],O,S,x,UNK,UNK
。,O,S,x,UNK,UNK
SPACE,O,S,x,UNK,UNK
此,O,B,c,止,cǐ
外,O,E,c,夕,wài
",",O,S,x,UNK,UNK
二,B-Drug,B,b,二,èr
甲,I-Drug,E,b,田,jiǎ
双,I-Drug,S,m,又,shuāng
胍,I-Drug,S,g,月,guā
还,O,S,d,辶,huán
可,O,S,v,口,kě
通,O,B,p,辶,tōng
过,O,E,p,辶,guò
激,O,B,a,氵,jī
活,O,E,a,氵,huó
SPACE,O,S,x,UNK,UNK
L,B-Anatomy,B,eng,UNK,UNK
K,I-Anatomy,M,eng,UNK,UNK
B,I-Anatomy,M,eng,UNK,UNK
num,I-Anatomy,E,eng,UNK,UNK
SPACE,O,S,x,UNK,UNK
/,O,S,x,UNK,UNK
SPACE,O,S,x,UNK,UNK
A,B-Anatomy,B,eng,UNK,UNK
M,I-Anatomy,M,eng,UNK,UNK
P,I-Anatomy,E,eng,UNK,UNK
LB,I-Anatomy,S,x,UNK,UNK
活,I-Anatomy,B,vn,氵,huó
化,I-Anatomy,E,vn,亻,huà
的,I-Anatomy,S,uj,白,dí
蛋,I-Anatomy,B,n,虫,dàn
白,I-Anatomy,M,n,白,bái
激,I-Anatomy,M,n,氵,jī
酶,I-Anatomy,E,n,酉,méi
(,O,S,x,UNK,UNK
A,B-Anatomy,B,eng,UNK,UNK
M,I-Anatomy,M,eng,UNK,UNK
P,I-Anatomy,M,eng,UNK,UNK
K,I-Anatomy,E,eng,UNK,UNK
),O,S,x,UNK,UNK
途,O,B,n,辶,tú
径,O,E,n,彳,jìng
抑,O,B,v,扌,yì
制,O,E,v,刂,zhì
多,O,B,m,夕,duō
种,O,E,m,禾,zhǒng
肿,B-Disease,B,n,月,zhǒng
瘤,I-Disease,E,n,疒,liú
细,O,B,n,纟,xì
胞,O,E,n,月,bāo
(,O,S,x,UNK,UNK
乳,B-Disease,S,ng,乚,rǔ
LB,I-Disease,S,x,UNK,UNK
腺,I-Disease,B,n,月,xiàn
癌,I-Disease,E,n,疒,ái
、,O,S,x,UNK,UNK
前,B-Disease,B,n,刂,qián
列,I-Disease,M,n,刂,liè
腺,I-Disease,M,n,月,xiàn
癌,I-Disease,E,n,疒,ái
、,O,S,x,UNK,UNK
卵,B-Disease,B,n,卩,luǎn
巢,I-Disease,M,n,巛,cháo
癌,I-Disease,E,n,疒,ái
),O,S,x,UNK,UNK
的,O,S,uj,白,dí
增,O,B,v,土,zēng
殖,O,E,v,歹,zhí
",",O,S,x,UNK,UNK
sep,sep,sep,sep,sep,sep
成,O,B,v,戈,chéng
为,O,E,v,丶,wéi
目,O,B,t,目,mù
前,O,E,t,刂,qián
唯,O,B,b,口,wéi
一,O,E,b,一,yī
有,O,S,v,月,yǒu
证,O,S,n,讠,zhèng
LB,O,S,x,UNK,UNK
据,O,S,p,扌,jù
支,O,B,v,支,zhī
持,O,E,v,扌,chí
其,O,S,r,八,qí
在,O,S,p,土,zài
糖,B-Disease,B,n,米,táng
尿,I-Disease,M,n,尸,niào
病,I-Disease,E,n,疒,bìng
合,O,B,v,口,hé
并,O,E,v,干,bìng
特,O,B,d,牜,tè
定,O,E,d,宀,dìng
肿,B-Disease,B,n,月,zhǒng
瘤,I-Disease,E,n,疒,liú
患,O,B,n,心,huàn
者,O,E,n,耂,zhě
中,O,S,f,丨,zhōng
临,O,B,vn,丨,lín
床,O,E,vn,广,chuáng
应,O,B,v,广,yīng
用,O,E,v,用,yòng
的,O,S,uj,白,dí
口,B-Drug,S,n,口,kǒu
LB,I-Drug,S,x,UNK,UNK
服,I-Drug,S,v,月,fú
降,I-Drug,B,n,阝,jiàng
糖,I-Drug,M,n,米,táng
药,I-Drug,E,n,艹,yào
[,O,S,x,UNK,UNK
num,O,S,x,UNK,UNK
],O,S,x,UNK,UNK
。,O,S,x,UNK,UNK
SPACE,O,S,x,UNK,UNK
因,O,B,c,囗,yīn
此,O,E,c,止,cǐ
",",O,S,x,UNK,UNK
系,O,B,vn,糸,xì
统,O,M,vn,纟,tǒng
阐,O,M,vn,门,chǎn
述,O,E,vn,辶,shù
糖,B-Disease,B,n,米,táng
尿,I-Disease,M,n,尸,niào
病,I-Disease,E,n,疒,bìng
治,O,B,v,氵,zhì
疗,O,E,v,疒,liáo
对,O,S,p,寸,duì
肿,B-Disease,B,n,月,zhǒng
瘤,I-Disease,E,n,疒,liú
细,O,B,n,纟,xì
胞,O,E,n,月,bāo
LB,O,S,x,UNK,UNK
生,O,B,n,生,shēng
物,O,M,n,牜,wù
学,O,E,n,子,xué
行,O,B,v,行,háng
为,O,E,v,丶,wéi
的,O,S,uj,白,dí
潜,O,B,t,氵,qián
在,O,E,t,土,zài
影,O,B,vn,彡,yǐng
响,O,E,vn,口,xiǎng
",",O,S,x,UNK,UNK
sep,sep,sep,sep,sep,sep
对,O,S,p,寸,duì
糖,B-Disease,B,n,米,táng
尿,I-Disease,M,n,尸,niào
病,I-Disease,E,n,疒,bìng
合,O,B,v,口,hé
并,O,E,v,干,bìng
肿,B-Disease,B,n,月,zhǒng
瘤,I-Disease,E,n,疒,liú
患,O,B,n,心,huàn
者,O,E,n,耂,zhě
的,O,S,uj,白,dí
临,O,S,b,丨,lín
LB,O,S,x,UNK,UNK
床,O,S,n,广,chuáng
合,O,B,vn,口,hé
理,O,E,vn,王,lǐ
用,O,B,n,用,yòng
药,O,E,n,艹,yào
选,O,B,v,辶,xuǎn
择,O,E,v,扌,zé
具,O,B,v,八,jù
有,O,E,v,月,yǒu
重,O,B,a,里,zhòng
要,O,E,a,覀,yào
意,O,B,n,心,yì
义,O,E,n,丶,yì
。,O,S,x,UNK,UNK
LB,O,S,x,UNK,UNK
二,O,S,m,二,èr
、,O,S,x,UNK,UNK
SPACE,O,S,x,UNK,UNK
糖,B-Disease,B,n,米,táng
尿,I-Disease,M,n,尸,niào
病,I-Disease,E,n,疒,bìng
的,O,S,uj,白,dí
抗,O,B,nz,扌,kàng
氧,O,M,nz,气,yǎng
化,O,E,nz,亻,huà
治,O,B,v,氵,zhì
疗,O,E,v,疒,liáo
LB,O,S,x,UNK,UNK
氧,O,B,n,气,yǎng
化,O,M,n,亻,huà
应,O,M,n,广,yīng
激,O,E,n,氵,jī
是,O,S,v,日,shì
由,O,B,c,田,yóu
于,O,E,c,二,yú
机,O,B,n,木,jī
体,O,E,n,亻,tǐ
在,O,S,p,土,zài
遭,O,B,v,辶,zāo
受,O,E,v,又,shòu
各,O,B,r,口,gè
种,O,E,r,禾,zhǒng
有,O,B,a,月,yǒu
害,O,E,a,宀,hài
刺,O,B,v,刂,cì
激,O,E,v,氵,jī
时,O,S,n,日,shí
",",O,S,x,UNK,UNK
sep,sep,sep,sep,sep,sep
活,B-Anatomy,S,vn,氵,huó
LB,I-Anatomy,S,x,UNK,UNK
性,I-Anatomy,S,n,忄,xìng
氧,I-Anatomy,S,n,气,yǎng
簇,I-Anatomy,S,ng,竹,cù
(,O,S,x,UNK,UNK
SPACE,O,S,x,UNK,UNK
r,O,B,eng,UNK,UNK
e,O,M,eng,UNK,UNK
a,O,M,eng,UNK,UNK
c,O,M,eng,UNK,UNK
t,O,M,eng,UNK,UNK
i,O,M,eng,UNK,UNK
v,O,M,eng,UNK,UNK
e,O,E,eng,UNK,UNK
SPACE,O,S,x,UNK,UNK
o,O,B,eng,UNK,UNK
x,O,M,eng,UNK,UNK
y,O,M,eng,UNK,UNK
g,O,M,eng,UNK,UNK
e,O,M,eng,UNK,UNK
n,O,E,eng,UNK,UNK
SPACE,O,S,x,UNK,UNK
s,O,B,eng,UNK,UNK
p,O,M,eng,UNK,UNK
e,O,M,eng,UNK,UNK
c,O,M,eng,UNK,UNK
i,O,M,eng,UNK,UNK
e,O,M,eng,UNK,UNK
s,O,E,eng,UNK,UNK
",",O,S,x,UNK,UNK
sep,sep,sep,sep,sep,sep
R,B-Anatomy,B,eng,UNK,UNK
O,I-Anatomy,M,eng,UNK,UNK
S,I-Anatomy,E,eng,UNK,UNK
),O,S,x,UNK,UNK
生,O,B,v,生,shēng
成,O,E,v,戈,chéng
与,O,S,p,一,yǔ
抗,O,B,nz,扌,kàng
氧,O,M,nz,气,yǎng
化,O,E,nz,亻,huà
防,O,S,v,阝,fáng
LB,O,S,x,UNK,UNK
御,O,S,zg,彳,yù
之,O,B,f,丶,zhī
间,O,E,f,门,jiān
严,O,B,a,一,yán
重,O,E,a,里,zhòng
失,O,B,a,大,shī
衡,O,E,a,行,héng
所,O,B,c,户,suǒ
致,O,E,c,至,zhì
[,O,S,x,UNK,UNK
num,O,S,x,UNK,UNK
],O,S,x,UNK,UNK
",",O,S,x,UNK,UNK
sep,sep,sep,sep,sep,sep
其,O,S,r,八,qí
可,O,S,v,口,kě
引,O,B,v,弓,yǐn
起,O,E,v,走,qǐ
胰,B-Anatomy,B,n,月,yí
岛,I-Anatomy,E,n,山,dǎo
SPACE,I-Anatomy,S,x,UNK,UNK
β,I-Anatomy,S,x,UNK,UNK
SPACE,I-Anatomy,S,x,UNK,UNK
细,I-Anatomy,B,n,纟,xì
胞,I-Anatomy,E,n,月,bāo
凋,O,B,v,冫,diāo
亡,O,E,v,亠,wáng
、,O,S,x,UNK,UNK
LB,O,S,x,UNK,UNK
胰,B-Disease,B,n,月,yí
岛,I-Disease,M,n,山,dǎo
素,I-Disease,E,n,糸,sù
抵,I-Disease,B,vn,扌,dǐ
抗,I-Disease,E,vn,扌,kàng
等,O,S,u,竹,děng
一,O,B,m,一,yī
系,O,M,m,糸,xì
列,O,E,m,刂,liè
与,O,S,p,一,yǔ
糖,B-Disease,B,n,米,táng
尿,I-Disease,M,n,尸,niào
病,I-Disease,E,n,疒,bìng
相,O,B,v,目,xiāng
关,O,E,v,丷,guān
的,O,S,uj,白,dí
机,O,B,n,木,jī
体,O,E,n,亻,tǐ
损,O,B,v,扌,sǔn
伤,O,E,v,亻,shāng
",",O,S,x,UNK,UNK
sep,sep,sep,sep,sep,sep
最,O,B,d,曰,zuì
终,O,E,d,纟,zhōng
LB,O,S,x,UNK,UNK
加,O,B,v,力,jiā
速,O,E,v,辶,sù
糖,B-Disease,B,n,米,táng
尿,I-Disease,M,n,尸,niào
病,I-Disease,E,n,疒,bìng
发,O,B,v,又,fā
生,O,E,v,生,shēng
[,O,S,x,UNK,UNK
num,O,S,x,UNK,UNK
-,O,S,x,UNK,UNK
num,O,S,x,UNK,UNK
],O,S,x,UNK,UNK
;,O,S,x,UNK,UNK
此,O,B,c,止,cǐ
外,O,E,c,夕,wài
",",O,S,x,UNK,UNK
即,O,B,c,卩,jí
使,O,E,c,亻,shǐ
是,O,S,v,日,shì
在,O,S,p,土,zài
糖,B-Disease,B,n,米,táng
尿,I-Disease,M,n,尸,niào
病,I-Disease,E,n,疒,bìng
发,O,B,v,又,fā
生,O,E,v,生,shēng
以,O,B,f,人,yǐ
后,O,E,f,口,hòu
",",O,S,x,UNK,UNK
sep,sep,sep,sep,sep,sep
LB,O,S,x,UNK,UNK
长,B-Duration,B,d,长,cháng
期,I-Duration,E,d,月,qī
的,O,S,uj,白,dí
高,B-Symptom,B,n,高,gāo
血,I-Symptom,M,n,血,xiě
糖,I-Symptom,E,n,米,táng
状,I-Symptom,B,n,犬,zhuàng
态,I-Symptom,E,n,心,tài
、,O,S,x,UNK,UNK
血,B-Symptom,B,n,血,xiě
糖,I-Symptom,E,n,米,táng
波,I-Symptom,B,vn,氵,bō
动,I-Symptom,E,vn,力,dòng
等,O,S,u,竹,děng
因,O,B,n,囗,yīn
素,O,E,n,糸,sù
更,O,S,d,曰,gēng
易,O,S,a,日,yì
加,O,B,v,力,jiā
重,O,E,v,里,zhòng
机,O,B,n,木,jī
体,O,E,n,亻,tǐ
的,O,S,uj,白,dí
LB,O,S,x,UNK,UNK
氧,O,B,n,气,yǎng
化,O,M,n,亻,huà
应,O,M,n,广,yīng
激,O,E,n,氵,jī
",",O,S,x,UNK,UNK
sep,sep,sep,sep,sep,sep
进,O,B,d,辶,jìn
一,O,M,d,一,yī
步,O,E,d,止,bù
促,O,B,v,亻,cù
进,O,E,v,辶,jìn
糖,B-Disease,B,n,米,táng
尿,I-Disease,M,n,尸,niào
病,I-Disease,E,n,疒,bìng
肾,I-Disease,B,n,月,shèn
病,I-Disease,E,n,疒,bìng
、,O,S,x,UNK,UNK
糖,B-Disease,B,n,米,táng
尿,I-Disease,M,n,尸,niào
病,I-Disease,E,n,疒,bìng
溃,I-Disease,B,n,氵,kuì
疡,I-Disease,E,n,疒,yáng
等,O,S,u,竹,děng
一,O,B,m,一,yī
系,O,E,m,糸,xì
LB,O,S,x,UNK,UNK
列,O,S,v,刂,liè
并,O,B,l,干,bìng
发,O,M,l,又,fā
症,O,E,l,疒,zhèng
的,O,S,uj,白,dí
发,O,B,v,又,fā
生,O,E,v,生,shēng
与,O,S,p,一,yǔ
发,O,B,vn,又,fā
展,O,E,vn,尸,zhǎn
[,O,S,x,UNK,UNK
num,O,B,m,UNK,UNK
num,O,E,m,UNK,UNK
-,O,S,x,UNK,UNK
num,O,B,m,UNK,UNK
num,O,E,m,UNK,UNK
],O,S,x,UNK,UNK
。,O,S,x,UNK,UNK
SPACE,O,S,x,UNK,UNK
因,O,B,c,囗,yīn
此,O,E,c,止,cǐ
",",O,S,x,UNK,UNK
num,O,B,m,UNK,UNK
num,O,M,m,UNK,UNK
num,O,M,m,UNK,UNK
num,O,E,m,UNK,UNK
SPACE,O,S,x,UNK,UNK
年,O,S,m,干,nián
SPACE,O,S,x,UNK,UNK
B,O,B,eng,UNK,UNK
r,O,M,eng,UNK,UNK
o,O,M,eng,UNK,UNK
w,O,M,eng,UNK,UNK
n,O,M,eng,UNK,UNK
l,O,M,eng,UNK,UNK
e,O,M,eng,UNK,UNK
e,O,E,eng,UNK,UNK
LB,O,S,x,UNK,UNK
教,O,B,n,攵,jiào
授,O,E,n,扌,shòu
提,O,B,v,扌,tí
出,O,E,v,凵,chū
了,O,S,ul,乙,liǎo
糖,B-Disease,B,n,米,táng
尿,I-Disease,M,n,尸,niào
病,I-Disease,E,n,疒,bìng
慢,I-Disease,B,b,忄,màn
性,I-Disease,E,b,忄,xìng
并,I-Disease,B,l,干,bìng
发,I-Disease,M,l,又,fā
症,I-Disease,E,l,疒,zhèng
的,O,S,uj,白,dí
共,O,B,d,八,gòng
同,O,E,d,口,tóng
起,O,B,n,走,qǐ
源,O,E,n,氵,yuán
学,O,B,n,子,xué
说,O,E,n,讠,shuō
-,O,S,x,UNK,UNK
氧,O,B,v,气,yǎng
化,O,E,v,亻,huà
LB,O,S,x,UNK,UNK
应,O,B,v,广,yīng
激,O,E,v,氵,jī
[,O,S,x,UNK,UNK
num,O,B,m,UNK,UNK
num,O,E,m,UNK,UNK
],O,S,x,UNK,UNK
。,O,S,x,UNK,UNK
SPACE,O,S,x,UNK,UNK
现,O,B,t,见,xiàn
在,O,E,t,土,zài
",",O,S,x,UNK,UNK
抗,B-Drug,B,nz,扌,kàng
氧,I-Drug,M,nz,气,yǎng
化,I-Drug,M,nz,亻,huà
剂,I-Drug,E,nz,刂,jì
已,O,S,d,己,yǐ
广,O,B,l,广,guǎng
泛,O,M,l,氵,fàn
应,O,M,l,广,yīng
用,O,E,l,用,yòng
于,O,S,p,二,yú
糖,B-Disease,B,n,米,táng
尿,I-Disease,M,n,尸,niào
病,I-Disease,E,n,疒,bìng
及,O,B,c,又,jí
其,O,E,c,八,qí
并,O,S,c,干,bìng
LB,O,S,x,UNK,UNK
发,O,B,n,又,fā
症,O,E,n,疒,zhèng
的,O,S,uj,白,dí
治,O,B,v,氵,zhì
疗,O,E,v,疒,liáo
",",O,S,x,UNK,UNK
sep,sep,sep,sep,sep,sep
在,O,S,p,土,zài
常,B-Drug,B,n,巾,cháng
规,I-Drug,E,n,见,guī
降,I-Drug,B,n,阝,jiàng
糖,I-Drug,M,n,米,táng
药,I-Drug,E,n,艹,yào
物,I-Drug,S,zg,牜,wù
干,O,B,v,干,gān
预,O,E,v,页,yù
基,O,B,n,土,jī
础,O,E,n,石,chǔ
上,O,S,f,一,shàng
",",O,S,x,UNK,UNK
sep,sep,sep,sep,sep,sep
加,O,B,v,力,jiā
用,O,E,v,用,yòng
抗,B-Drug,B,nz,扌,kàng
氧,I-Drug,M,nz,气,yǎng
化,I-Drug,E,nz,亻,huà
LB,I-Drug,S,x,UNK,UNK
剂,I-Drug,S,zg,刂,jì
治,O,B,v,氵,zhì
疗,O,E,v,疒,liáo
能,O,S,v,月,néng
更,O,S,d,曰,gēng
有,O,B,a,月,yǒu
效,O,E,a,攵,xiào
地,O,S,uv,土,dì
延,O,B,v,廴,yán
缓,O,E,v,纟,huǎn
糖,B-Disease,B,n,米,táng
尿,I-Disease,M,n,尸,niào
病,I-Disease,E,n,疒,bìng
慢,I-Disease,B,b,忄,màn
性,I-Disease,E,b,忄,xìng
并,I-Disease,B,l,干,bìng
发,I-Disease,M,l,又,fā
症,I-Disease,E,l,疒,zhèng
的,O,S,uj,白,dí
发,O,B,v,又,fā
生,O,E,v,生,shēng
发,O,S,v,又,fā
LB,O,S,x,UNK,UNK
展,O,S,v,尸,zhǎn
[,O,S,x,UNK,UNK
num,O,B,m,UNK,UNK
num,O,E,m,UNK,UNK
],O,S,x,UNK,UNK
。,O,S,x,UNK,UNK
sep,sep,sep,sep,sep,sep
SPACE,O,S,x,UNK,UNK
抗,B-Drug,B,nz,扌,kàng
氧,I-Drug,M,nz,气,yǎng
化,I-Drug,M,nz,亻,huà
剂,I-Drug,E,nz,刂,jì
主,O,B,b,丶,zhǔ
要,O,E,b,覀,yào
包,O,B,v,勹,bāo
括,O,E,v,扌,kuò
:,O,S,x,UNK,UNK
(,O,S,x,UNK,UNK
num,O,S,x,UNK,UNK
),O,S,x,UNK,UNK
外,B-Drug,B,n,夕,wài
源,I-Drug,M,n,氵,yuán
性,I-Drug,E,n,忄,xìng
非,I-Drug,S,h,非,fēi
酶,I-Drug,B,n,酉,méi
类,I-Drug,E,n,米,lèi
抗,I-Drug,B,nz,扌,kàng
氧,I-Drug,M,nz,气,yǎng
化,I-Drug,E,nz,亻,huà
LB,I-Drug,S,x,UNK,UNK
剂,I-Drug,S,zg,刂,jì
",",O,S,x,UNK,UNK
sep,sep,sep,sep,sep,sep
如,O,S,v,女,rú
维,B-Drug,B,nr,纟,wéi
生,I-Drug,M,nr,生,shēng
素,I-Drug,E,nr,糸,sù
SPACE,I-Drug,S,x,UNK,UNK
C,I-Drug,S,x,UNK,UNK
、,O,S,x,UNK,UNK
维,B-Drug,B,nr,纟,wéi
生,I-Drug,M,nr,生,shēng
素,I-Drug,E,nr,糸,sù
SPACE,I-Drug,S,x,UNK,UNK
E,I-Drug,S,x,UNK,UNK
、,O,S,x,UNK,UNK
胡,B-Drug,B,n,月,hú
萝,I-Drug,M,n,艹,luó
卜,I-Drug,M,n,卜,bǔ
素,I-Drug,E,n,糸,sù
、,O,S,x,UNK,UNK
褪,B-Drug,B,v,衤,tuì
黑,I-Drug,M,v,黑,hēi
素,I-Drug,E,v,糸,sù
等,O,S,u,竹,děng
",",O,S,x,UNK,UNK
sep,sep,sep,sep,sep,sep
但,O,S,c,亻,dàn
这,O,S,r,辶,zhè
LB,O,S,x,UNK,UNK
类,O,S,q,米,lèi
抗,B-Drug,B,nz,扌,kàng
氧,I-Drug,M,nz,气,yǎng
化,I-Drug,M,nz,亻,huà
剂,I-Drug,E,nz,刂,jì
具,O,B,v,八,jù
有,O,E,v,月,yǒu
靶,O,B,n,革,bǎ
点,O,E,n,灬,diǎn
不,O,S,d,一,bù
明,O,B,ad,日,míng
确,O,E,ad,石,què
",",O,S,x,UNK,UNK
作,O,B,v,亻,zuò
用,O,E,v,用,yòng
较,O,S,zg,车,jiào
复,O,B,a,夂,fù
杂,O,E,a,木,zá
",",O,S,x,UNK,UNK
且,O,S,zg,一,qiě
反,O,B,c,又,fǎn
而,O,E,c,而,ér
可,O,B,v,口,kě
能,O,E,v,月,néng
LB,O,S,x,UNK,UNK
潜,O,B,t,氵,qián
在,O,E,t,土,zài
促,B-SideEff,S,v,亻,cù
氧,I-SideEff,B,v,气,yǎng
化,I-SideEff,E,v,亻,huà
等,O,S,u,竹,děng
不,O,B,l,一,bù
良,O,M,l,艮,liáng
反,O,M,l,又,fǎn
应,O,E,l,广,yīng
[,O,S,x,UNK,UNK
num,O,B,m,UNK,UNK
num,O,E,m,UNK,UNK
],O,S,x,UNK,UNK
;,O,S,x,UNK,UNK
sep,sep,sep,sep,sep,sep
(,O,S,x,UNK,UNK
num,O,S,x,UNK,UNK
),O,S,x,UNK,UNK
内,B-Drug,B,n,冂,nèi
源,I-Drug,M,n,氵,yuán
性,I-Drug,E,n,忄,xìng
酶,I-Drug,B,n,酉,méi
类,I-Drug,E,n,米,lèi
抗,I-Drug,B,nz,扌,kàng
氧,I-Drug,M,nz,气,yǎng
化,I-Drug,M,nz,亻,huà
剂,I-Drug,E,nz,刂,jì
",",O,S,x,UNK,UNK
sep,sep,sep,sep,sep,sep
LB,O,S,x,UNK,UNK
如,O,S,v,女,rú
超,B-Drug,B,n,走,chāo
氧,I-Drug,M,n,气,yǎng
化,I-Drug,M,n,亻,huà
物,I-Drug,E,n,牜,wù
歧,I-Drug,B,nz,止,qí
化,I-Drug,M,nz,亻,huà
酶,I-Drug,E,nz,酉,méi
SPACE,O,S,x,UNK,UNK
(,O,S,x,UNK,UNK
SPACE,O,S,x,UNK,UNK
S,B-Drug,B,eng,UNK,UNK
O,I-Drug,M,eng,UNK,UNK
D,I-Drug,E,eng,UNK,UNK
),O,S,x,UNK,UNK
、,O,S,x,UNK,UNK
谷,B-Drug,B,n,谷,gǔ
胱,I-Drug,M,n,月,guāng
甘,I-Drug,M,n,甘,gān
肽,I-Drug,E,n,月,tài
过,I-Drug,B,n,辶,guò
氧,I-Drug,M,n,气,yǎng
化,I-Drug,M,n,亻,huà
物,I-Drug,E,n,牜,wù
酶,I-Drug,S,n,酉,méi
LB,O,S,x,UNK,UNK
(,O,S,x,UNK,UNK
G,B-Drug,B,eng,UNK,UNK
S,I-Drug,M,eng,UNK,UNK
H,I-Drug,E,eng,UNK,UNK
-,I-Drug,S,x,UNK,UNK
P,I-Drug,B,eng,UNK,UNK
X,I-Drug,E,eng,UNK,UNK
),O,S,x,UNK,UNK
SPACE,O,S,x,UNK,UNK
及,O,S,c,又,jí
清,O,B,v,氵,qīng
除,O,E,v,阝,chú
SPACE,O,S,x,UNK,UNK
R,B-Anatomy,B,eng,UNK,UNK
O,I-Anatomy,M,eng,UNK,UNK
S,I-Anatomy,E,eng,UNK,UNK
SPACE,O,S,x,UNK,UNK
的,O,S,uj,白,dí
核,B-Anatomy,S,n,木,hé
因,I-Anatomy,B,n,囗,yīn
子,I-Anatomy,E,n,子,zǐ
SPACE,I-Anatomy,S,x,UNK,UNK
E,I-Anatomy,B,eng,UNK,UNK
num,I-Anatomy,E,eng,UNK,UNK
SPACE,I-Anatomy,S,x,UNK,UNK
相,I-Anatomy,B,v,目,xiāng
关,I-Anatomy,E,v,丷,guān
因,I-Anatomy,B,n,囗,yīn
子,I-Anatomy,E,n,子,zǐ
SPACE,I-Anatomy,S,x,UNK,UNK
num,I-Anatomy,S,x,UNK,UNK
LB,O,S,x,UNK,UNK
(,O,S,x,UNK,UNK
n,B-Anatomy,B,eng,UNK,UNK
u,I-Anatomy,M,eng,UNK,UNK
c,I-Anatomy,M,eng,UNK,UNK
l,I-Anatomy,M,eng,UNK,UNK
e,I-Anatomy,M,eng,UNK,UNK
a,I-Anatomy,M,eng,UNK,UNK
r,I-Anatomy,E,eng,UNK,UNK
SPACE,I-Anatomy,S,x,UNK,UNK
f,I-Anatomy,B,eng,UNK,UNK
a,I-Anatomy,M,eng,UNK,UNK
c,I-Anatomy,M,eng,UNK,UNK
t,I-Anatomy,M,eng,UNK,UNK
o,I-Anatomy,M,eng,UNK,UNK
r,I-Anatomy,E,eng,UNK,UNK
SPACE,I-Anatomy,S,x,UNK,UNK
e,I-Anatomy,B,eng,UNK,UNK
r,I-Anatomy,M,eng,UNK,UNK
y,I-Anatomy,M,eng,UNK,UNK
t,I-Anatomy,M,eng,UNK,UNK
h,I-Anatomy,M,eng,UNK,UNK
r,I-Anatomy,M,eng,UNK,UNK
o,I-Anatomy,M,eng,UNK,UNK
i,I-Anatomy,M,eng,UNK,UNK
d,I-Anatomy,E,eng,UNK,UNK
SPACE,I-Anatomy,S,x,UNK,UNK
num,I-Anatomy,S,x,UNK,UNK
-,I-Anatomy,S,x,UNK,UNK
r,I-Anatomy,B,eng,UNK,UNK
e,I-Anatomy,M,eng,UNK,UNK
l,I-Anatomy,M,eng,UNK,UNK
a,I-Anatomy,M,eng,UNK,UNK
t,I-Anatomy,M,eng,UNK,UNK
e,I-Anatomy,M,eng,UNK,UNK
d,I-Anatomy,E,eng,UNK,UNK
SPACE,I-Anatomy,S,x,UNK,UNK
f,I-Anatomy,B,eng,UNK,UNK
a,I-Anatomy,M,eng,UNK,UNK
c,I-Anatomy,M,eng,UNK,UNK
t,I-Anatomy,M,eng,UNK,UNK
o,I-Anatomy,M,eng,UNK,UNK
r,I-Anatomy,E,eng,UNK,UNK
SPACE,I-Anatomy,S,x,UNK,UNK
num,I-Anatomy,S,x,UNK,UNK
",",O,S,x,UNK,UNK
N,B-Anatomy,B,eng,UNK,UNK
r,I-Anatomy,M,eng,UNK,UNK
f,I-Anatomy,M,eng,UNK,UNK
num,I-Anatomy,E,eng,UNK,UNK
",",O,S,x,UNK,UNK
sep,sep,sep,sep,sep,sep
可,O,S,v,口,kě
调,O,B,vn,讠,tiáo
节,O,E,vn,艹,jié
LB,O,S,x,UNK,UNK
下,O,B,f,一,xià
游,O,E,f,氵,yóu
一,O,B,m,一,yī
系,O,M,m,糸,xì
列,O,E,m,刂,liè
SPACE,O,S,x,UNK,UNK
I,B-Anatomy,B,eng,UNK,UNK
I,I-Anatomy,E,eng,UNK,UNK
SPACE,I-Anatomy,S,x,UNK,UNK
相,I-Anatomy,S,v,目,xiāng
解,I-Anatomy,B,v,角,jiě
毒,I-Anatomy,E,v,母,dú
酶,I-Anatomy,S,n,酉,méi
、,O,S,x,UNK,UNK
抗,B-Anatomy,B,nz,扌,kàng
氧,I-Anatomy,M,nz,气,yǎng
化,I-Anatomy,E,nz,亻,huà
酶,I-Anatomy,S,n,酉,méi
的,O,S,uj,白,dí
表,O,B,v,衣,biǎo
达,O,E,v,辶,dá
),O,S,x,UNK,UNK
",",O,S,x,UNK,UNK
sep,sep,sep,sep,sep,sep
这,O,B,r,辶,zhè
类,O,E,r,米,lèi
抗,B-Drug,B,nz,扌,kàng
氧,I-Drug,E,nz,气,yǎng
LB,I-Drug,S,x,UNK,UNK
化,I-Drug,B,n,亻,huà
剂,I-Drug,E,n,刂,jì
靶,O,B,n,革,bǎ
点,O,E,n,灬,diǎn
较,O,S,zg,车,jiào
明,O,B,ad,日,míng
确,O,E,ad,石,què
",",O,S,x,UNK,UNK
sep,sep,sep,sep,sep,sep
下,O,B,f,一,xià
游,O,E,f,氵,yóu
途,O,B,n,辶,tú
径,O,E,n,彳,jìng
与,O,S,p,一,yǔ
机,O,B,n,木,jī
制,O,E,n,刂,zhì
较,O,S,zg,车,jiào
清,O,B,a,氵,qīng
楚,O,E,a,木,chǔ
[,O,S,x,UNK,UNK
num,O,B,m,UNK,UNK
num,O,E,m,UNK,UNK
],O,S,x,UNK,UNK
。,O,S,x,UNK,UNK
sep,sep,sep,sep,sep,sep
SPACE,O,S,x,UNK,UNK
O,O,B,eng,UNK,UNK
z,O,M,eng,UNK,UNK
k,O,M,eng,UNK,UNK
a,O,M,eng,UNK,UNK
n,O,E,eng,UNK,UNK
LB,O,S,x,UNK,UNK
等,O,S,u,竹,děng
[,O,S,x,UNK,UNK
num,O,B,m,UNK,UNK
num,O,E,m,UNK,UNK
],O,S,x,UNK,UNK
曾,O,S,d,曰,zēng
采,O,B,v,采,cǎi
用,O,E,v,用,yòng
三,B-Drug,B,ns,一,sān
联,I-Drug,E,ns,耳,lián
抗,I-Drug,B,nz,扌,kàng
氧,I-Drug,M,nz,气,yǎng
化,I-Drug,E,nz,亻,huà
(,O,S,x,UNK,UNK
维,B-Drug,B,nr,纟,wéi
生,I-Drug,M,nr,生,shēng
素,I-Drug,E,nr,糸,sù
SPACE,I-Drug,S,x,UNK,UNK
C,I-Drug,S,x,UNK,UNK
、,O,S,x,UNK,UNK
维,B-Drug,B,nr,纟,wéi
生,I-Drug,M,nr,生,shēng
素,I-Drug,E,nr,糸,sù
SPACE,I-Drug,S,x,UNK,UNK
E,I-Drug,S,x,UNK,UNK
、,O,S,x,UNK,UNK
硫,B-Drug,B,n,石,liú
辛,I-Drug,E,n,辛,xīn
LB,I-Drug,S,x,UNK,UNK
酸,I-Drug,S,n,酉,suān
),O,S,x,UNK,UNK
方,O,B,n,方,fāng
法,O,E,n,氵,fǎ
干,O,B,v,干,gān
预,O,E,v,页,yù
糖,B-Disease,B,n,米,táng
尿,I-Disease,M,n,尸,niào
病,I-Disease,E,n,疒,bìng
大,O,B,n,大,dà
鼠,O,E,n,鼠,shǔ
发,O,B,v,又,fā
现,O,E,v,见,xiàn
",",O,S,x,UNK,UNK
sep,sep,sep,sep,sep,sep
抗,B-Drug,B,nz,扌,kàng
氧,I-Drug,M,nz,气,yǎng
化,I-Drug,M,nz,亻,huà
剂,I-Drug,E,nz,刂,jì
能,O,S,v,月,néng
有,O,B,a,月,yǒu
效,O,E,a,攵,xiào
降,O,B,v,阝,jiàng
低,O,E,v,亻,dī
LB,O,S,x,UNK,UNK
机,O,B,n,木,jī
体,O,E,n,亻,tǐ
内,O,S,f,冂,nèi
的,O,S,uj,白,dí
氧,O,B,n,气,yǎng
化,O,M,n,亻,huà
应,O,M,n,广,yīng
激,O,E,n,氵,jī
水,O,B,n,水,shuǐ
平,O,E,n,干,píng
",",O,S,x,UNK,UNK
sep,sep,sep,sep,sep,sep
抑,O,B,v,扌,yì
制,O,E,v,刂,zhì
脂,O,B,n,月,zhī
质,O,E,n,贝,zhì
过,O,B,n,辶,guò
氧,O,M,n,气,yǎng
化,O,E,n,亻,huà
",",O,S,x,UNK,UNK
sep,sep,sep,sep,sep,sep
进,O,B,c,辶,jìn
而,O,E,c,而,ér
达,O,B,v,辶,dá
到,O,E,v,刂,dào
预,O,S,v,页,yù
LB,O,S,x,UNK,UNK
防,O,S,v,阝,fáng
糖,B-Disease,B,n,米,táng
尿,I-Disease,M,n,尸,niào
病,I-Disease,E,n,疒,bìng
周,I-Disease,B,l,口,zhōu
围,I-Disease,M,l,囗,wéi
神,I-Disease,M,l,礻,shén
经,I-Disease,E,l,纟,jīng
病,I-Disease,B,v,疒,bìng
变,I-Disease,E,v,又,biàn
及,O,S,c,又,jí
血,B-Disease,B,n,血,xiě
管,I-Disease,E,n,竹,guǎn
功,I-Disease,B,n,力,gōng
能,I-Disease,E,n,月,néng
紊,I-Disease,B,a,糸,wěn
乱,I-Disease,E,a,乙,luàn
的,O,S,uj,白,dí
目,O,B,n,目,mù
的,O,E,n,白,dí
;,O,S,x,UNK,UNK
sep,sep,sep,sep,sep,sep
P,O,B,eng,UNK,UNK
a,O,M,eng,UNK,UNK
r,O,M,eng,UNK,UNK
k,O,E,eng,UNK,UNK
LB,O,S,x,UNK,UNK
等,O,S,u,竹,děng
[,O,S,x,UNK,UNK
num,O,B,m,UNK,UNK
num,O,E,m,UNK,UNK
],O,S,x,UNK,UNK
的,O,S,uj,白,dí
研,O,B,vn,石,yán
究,O,E,vn,穴,jiū
也,O,S,d,乙,yě
证,O,B,n,讠,zhèng
实,O,E,n,宀,shí
具,O,B,v,八,jù
有,O,E,v,月,yǒu
抗,O,B,nz,扌,kàng
氧,O,M,nz,气,yǎng
化,O,E,nz,亻,huà
作,O,B,v,亻,zuò
用,O,E,v,用,yòng
的,O,S,uj,白,dí
褪,B-Drug,B,v,衤,tuì
黑,I-Drug,M,v,黑,hēi
素,I-Drug,E,v,糸,sù
能,O,B,v,月,néng
够,O,E,v,夕,gòu
显,O,S,v,日,xiǎn
LB,O,S,x,UNK,UNK
著,O,S,n,艹,zhù
改,O,B,v,攵,gǎi
善,O,E,v,口,shàn
糖,O,S,zg,米,táng
毒,O,B,n,母,dú
性,O,E,n,忄,xìng
损,O,B,v,扌,sǔn
伤,O,E,v,亻,shāng
的,O,S,uj,白,dí
胰,B-Test,B,n,月,yí
岛,I-Test,E,n,山,dǎo
SPACE,I-Test,S,x,UNK,UNK
β,I-Test,S,x,UNK,UNK
SPACE,I-Test,S,x,UNK,UNK
细,I-Test,B,n,纟,xì
胞,I-Test,E,n,月,bāo
功,I-Test,B,n,力,gōng
能,I-Test,E,n,月,néng
。,O,S,x,UNK,UNK
sep,sep,sep,sep,sep,sep
SPACE,O,S,x,UNK,UNK
而,O,S,c,而,ér
本,O,S,r,木,běn
课,O,B,n,讠,kè
题,O,M,n,页,tí
组,O,E,n,纟,zǔ
也,O,S,d,乙,yě
LB,O,S,x,UNK,UNK
曾,O,S,d,曰,zēng
采,O,B,v,采,cǎi
用,O,E,v,用,yòng
饮,O,B,n,饣,yǐn
食,O,E,n,飠,shí
中,O,S,f,丨,zhōng
的,O,S,uj,白,dí
SPACE,O,S,x,UNK,UNK
N,B-Drug,B,eng,UNK,UNK
r,I-Drug,M,eng,UNK,UNK
f,I-Drug,M,eng,UNK,UNK
num,I-Drug,E,eng,UNK,UNK
SPACE,I-Drug,S,x,UNK,UNK
激,I-Drug,B,n,氵,jī
动,I-Drug,M,n,力,dòng
剂,I-Drug,E,n,刂,jì
莱,B-Drug,B,nr,艹,lái
菔,I-Drug,E,nr,艹,fú
硫,I-Drug,B,nz,石,liú
烷,I-Drug,E,nz,火,wán
(,O,S,x,UNK,UNK
SPACE,O,S,x,UNK,UNK
s,B-Drug,B,eng,UNK,UNK
u,I-Drug,M,eng,UNK,UNK
l,I-Drug,M,eng,UNK,UNK
f,I-Drug,M,eng,UNK,UNK
o,I-Drug,M,eng,UNK,UNK
r,I-Drug,M,eng,UNK,UNK
a,I-Drug,M,eng,UNK,UNK
p,I-Drug,M,eng,UNK,UNK
h,I-Drug,M,eng,UNK,UNK
a,I-Drug,M,eng,UNK,UNK
n,I-Drug,M,eng,UNK,UNK
e,I-Drug,E,eng,UNK,UNK
",",O,S,x,UNK,UNK
sep,sep,sep,sep,sep,sep
LB,O,S,x,UNK,UNK
S,B-Drug,B,eng,UNK,UNK
F,I-Drug,E,eng,UNK,UNK
),O,S,x,UNK,UNK
干,O,B,v,干,gān
预,O,E,v,页,yù
糖,B-Disease,B,n,米,táng
尿,I-Disease,M,n,尸,niào
病,I-Disease,E,n,疒,bìng
肾,I-Disease,B,n,月,shèn
病,I-Disease,E,n,疒,bìng
小,O,B,n,小,xiǎo
鼠,O,E,n,鼠,shǔ
模,O,B,n,木,mó
型,O,E,n,土,xíng
",",O,S,x,UNK,UNK
sep,sep,sep,sep,sep,sep
发,O,B,v,又,fā
现,O,E,v,见,xiàn
其,O,S,r,八,qí
可,O,S,v,口,kě
减,O,B,v,冫,jiǎn
弱,O,E,v,弓,ruò
糖,B-Disease,B,n,米,táng
尿,I-Disease,M,n,尸,niào
病,I-Disease,E,n,疒,bìng
LB,O,S,x,UNK,UNK
常,O,B,a,巾,cháng
见,O,E,a,见,jiàn
的,O,S,uj,白,dí
代,B-Disease,B,v,亻,dài
谢,I-Disease,E,v,讠,xiè
紊,I-Disease,B,a,糸,wěn
乱,I-Disease,E,a,乙,luàn
症,I-Disease,B,n,疒,zhèng
候,I-Disease,M,n,亻,hòu
群,I-Disease,E,n,羊,qún
",",O,S,x,UNK,UNK
sep,sep,sep,sep,sep,sep
并,O,S,c,干,bìng
显,O,B,a,日,xiǎn
著,O,E,a,艹,zhù
改,O,B,v,攵,gǎi
善,O,E,v,口,shàn
肾,B-Anatomy,B,n,月,shèn
小,I-Anatomy,M,n,小,xiǎo
球,I-Anatomy,E,n,王,qiú
病,O,B,v,疒,bìng
变,O,E,v,又,biàn
[,O,S,x,UNK,UNK
num,O,B,m,UNK,UNK
num,O,E,m,UNK,UNK
],O,S,x,UNK,UNK
。,O,S,x,UNK,UNK
LB,O,S,x,UNK,UNK
在,O,S,p,土,zài
临,O,B,vn,丨,lín
床,O,E,vn,广,chuáng
上,O,S,f,一,shàng
",",O,S,x,UNK,UNK
抗,B-Drug,B,nz,扌,kàng
氧,I-Drug,M,nz,气,yǎng
化,I-Drug,M,nz,亻,huà
剂,I-Drug,E,nz,刂,jì
也,O,S,d,乙,yě
已,O,S,d,己,yǐ
被,O,S,p,衤,bèi
应,O,B,v,广,yīng
用,O,E,v,用,yòng
于,O,S,p,二,yú
糖,B-Disease,B,n,米,táng
尿,I-Disease,M,n,尸,niào
病,I-Disease,E,n,疒,bìng
及,O,B,c,又,jí
其,O,E,c,八,qí
并,O,B,l,干,bìng
发,O,M,l,又,fā
症,O,E,l,疒,zhèng
LB,O,S,x,UNK,UNK
的,O,S,uj,白,dí
治,O,B,v,氵,zhì
疗,O,E,v,疒,liáo
",",O,S,x,UNK,UNK
sep,sep,sep,sep,sep,sep
例,O,B,v,亻,lì
如,O,E,v,女,rú
姜,B-Drug,B,nr,女,jiāng
黄,I-Drug,E,nr,黄,huáng
素,I-Drug,S,n,糸,sù
与,O,S,p,一,yǔ
肉,B-Drug,B,n,肉,ròu
桂,I-Drug,E,n,木,guì
醛,I-Drug,S,n,酉,quán
能,O,S,v,月,néng
有,O,B,a,月,yǒu
效,O,E,a,攵,xiào
改,O,B,v,攵,gǎi
善,O,E,v,口,shàn
糖,B-Disease,B,n,米,táng
尿,I-Disease,M,n,尸,niào
病,I-Disease,E,n,疒,bìng
溃,I-Disease,B,n,氵,kuì
疡,I-Disease,E,n,疒,yáng
LB,O,S,x,UNK,UNK
的,O,S,uj,白,dí
伤,O,B,n,亻,shāng
口,O,E,n,口,kǒu
愈,O,B,v,心,yù
合,O,E,v,口,hé
[,O,S,x,UNK,UNK
num,O,B,m,UNK,UNK
num,O,E,m,UNK,UNK
",",O,S,x,UNK,UNK
num,O,B,m,UNK,UNK
num,O,E,m,UNK,UNK
],O,S,x,UNK,UNK
;,O,S,x,UNK,UNK
sep,sep,sep,sep,sep,sep
白,B-Drug,B,nr,白,bái
藜,I-Drug,M,nr,艹,lí
芦,I-Drug,M,nr,艹,lú
醇,I-Drug,E,nr,酉,chún
则,O,S,d,刂,zé
可,O,S,v,口,kě
通,O,B,p,辶,tōng
过,O,E,p,辶,guò
影,O,B,vn,彡,yǐng
响,O,E,vn,口,xiǎng
糖,B-Disease,B,n,米,táng
尿,I-Disease,M,n,尸,niào
病,I-Disease,E,n,疒,bìng
大,O,B,n,大,dà
鼠,O,E,n,鼠,shǔ
LB,O,S,x,UNK,UNK
的,O,S,uj,白,dí
胰,B-Anatomy,B,n,月,yí
岛,I-Anatomy,M,n,山,dǎo
素,I-Anatomy,E,n,糸,sù
信,I-Anatomy,B,n,亻,xìn
号,I-Anatomy,E,n,口,hào
通,I-Anatomy,B,n,辶,tōng
路,I-Anatomy,E,n,足,lù
而,O,S,c,而,ér
改,O,B,v,攵,gǎi
善,O,E,v,口,shàn
肝,B-Anatomy,S,n,月,gān
脂,O,B,n,月,zhī
质,O,E,n,贝,zhì
代,O,B,v,亻,dài
谢,O,E,v,讠,xiè
[,O,S,x,UNK,UNK
num,O,B,m,UNK,UNK
num,O,E,m,UNK,UNK
],O,S,x,UNK,UNK
;,O,S,x,UNK,UNK
sep,sep,sep,sep,sep,sep
更,O,B,d,曰,gēng
为,O,E,d,丶,wéi
典,O,B,n,八,diǎn
型,O,E,n,土,xíng
的,O,S,uj,白,dí
LB,O,S,x,UNK,UNK
例,O,B,n,亻,lì
子,O,E,n,子,zǐ
是,O,S,v,日,shì
硫,B-Drug,B,nz,石,liú
辛,I-Drug,M,nz,辛,xīn
酸,I-Drug,E,nz,酉,suān
",",O,S,x,UNK,UNK
sep,sep,sep,sep,sep,sep
一,O,B,m,一,yī
个,O,E,m,人,gè
被,O,S,p,衤,bèi
广,O,B,a,广,guǎng
泛,O,E,a,氵,fàn
认,O,B,v,讠,rèn
知,O,E,v,矢,zhī
的,O,S,uj,白,dí
抗,B-Drug,B,nz,扌,kàng
氧,I-Drug,M,nz,气,yǎng
化,I-Drug,M,nz,亻,huà
剂,I-Drug,E,nz,刂,jì
",",O,S,x,UNK,UNK
sep,sep,sep,sep,sep,sep
早,O,B,d,日,zǎo
已,O,E,d,己,yǐ
广,O,B,a,广,guǎng
泛,O,E,a,氵,fàn
LB,O,S,x,UNK,UNK
应,O,B,v,广,yīng
用,O,E,v,用,yòng
于,O,S,p,二,yú
糖,B-Disease,B,n,米,táng
尿,I-Disease,M,n,尸,niào
病,I-Disease,E,n,疒,bìng
周,I-Disease,B,l,口,zhōu
围,I-Disease,M,l,囗,wéi
神,I-Disease,M,l,礻,shén
经,I-Disease,E,l,纟,jīng
病,I-Disease,B,v,疒,bìng
变,I-Disease,E,v,又,biàn
的,O,S,uj,白,dí
治,O,B,v,氵,zhì
疗,O,E,v,疒,liáo
[,O,S,x,UNK,UNK
num,O,B,m,UNK,UNK
num,O,E,m,UNK,UNK
],O,S,x,UNK,UNK
。,O,S,x,UNK,UNK
SPACE,O,S,x,UNK,UNK
此,O,B,c,止,cǐ
外,O,E,c,夕,wài
",",O,S,x,UNK,UNK
目,O,B,t,目,mù
前,O,E,t,刂,qián
临,O,S,v,丨,lín
LB,O,S,x,UNK,UNK
床,O,S,n,广,chuáng
常,O,B,b,巾,cháng
用,O,E,b,用,yòng
的,O,S,uj,白,dí
一,O,B,m,一,yī
些,O,E,m,二,xiē
降,B-Drug,B,n,阝,jiàng
糖,I-Drug,M,n,米,táng
药,I-Drug,E,n,艹,yào
物,I-Drug,S,ng,牜,wù
虽,O,S,c,虫,suī
没,O,B,v,氵,méi
有,O,E,v,月,yǒu
被,O,S,p,衤,bèi
定,O,B,n,宀,dìng
义,O,E,n,丶,yì
为,O,S,p,丶,wéi
抗,B-Drug,B,nz,扌,kàng
氧,I-Drug,M,nz,气,yǎng
化,I-Drug,M,nz,亻,huà
剂,I-Drug,E,nz,刂,jì
",",O,S,x,UNK,UNK
sep,sep,sep,sep,sep,sep
但,O,S,c,亻,dàn
LB,O,S,x,UNK,UNK
也,O,S,d,乙,yě
被,O,S,p,衤,bèi
发,O,B,v,又,fā
现,O,E,v,见,xiàn
具,O,B,v,八,jù
有,O,E,v,月,yǒu
抗,O,B,nz,扌,kàng
氧,O,M,nz,气,yǎng
化,O,E,nz,亻,huà
作,O,B,v,亻,zuò
用,O,E,v,用,yòng
。,O,S,x,UNK,UNK
sep,sep,sep,sep,sep,sep
SPACE,O,S,x,UNK,UNK
如,O,S,v,女,rú
SPACE,O,S,x,UNK,UNK
M,O,B,eng,UNK,UNK
o,O,M,eng,UNK,UNK
n,O,M,eng,UNK,UNK
n,O,M,eng,UNK,UNK
i,O,M,eng,UNK,UNK
e,O,M,eng,UNK,UNK
r,O,E,eng,UNK,UNK
SPACE,O,S,x,UNK,UNK
等,O,S,u,竹,děng
[,O,S,x,UNK,UNK
num,O,B,m,UNK,UNK
num,O,E,m,UNK,UNK
],O,S,x,UNK,UNK
SPACE,O,S,x,UNK,UNK
的,O,S,uj,白,dí
临,O,B,vn,丨,lín
床,O,E,vn,广,chuáng
LB,O,S,x,UNK,UNK
观,O,B,v,见,guān
察,O,E,v,宀,chá
研,O,B,vn,石,yán
究,O,E,vn,穴,jiū
发,O,B,v,又,fā
现,O,E,v,见,xiàn
",",O,S,x,UNK,UNK
sep,sep,sep,sep,sep,sep
胰,B-Drug,B,n,月,yí
岛,I-Drug,M,n,山,dǎo
素,I-Drug,E,n,糸,sù
不,O,B,c,一,bù
仅,O,E,c,亻,jǐn
改,O,B,v,攵,gǎi
善,O,E,v,口,shàn
糖,B-Disease,B,n,米,táng
尿,I-Disease,M,n,尸,niào
病,I-Disease,E,n,疒,bìng
患,O,B,n,心,huàn
者,O,E,n,耂,zhě
的,O,S,uj,白,dí
血,B-Test,B,n,血,xiě
糖,I-Test,E,n,米,táng
水,O,S,n,水,shuǐ
LB,O,S,x,UNK,UNK
平,O,S,n,干,píng
",",O,S,x,UNK,UNK
sep,sep,sep,sep,sep,sep
并,O,B,c,干,bìng
且,O,E,c,一,qiě
发,O,B,v,又,fā
挥,O,E,v,扌,huī
了,O,S,ul,乙,liǎo
抑,O,B,v,扌,yì
制,O,E,v,刂,zhì
机,O,B,n,木,jī
体,O,E,n,亻,tǐ
氧,O,B,n,气,yǎng
化,O,M,n,亻,huà
应,O,M,n,广,yīng
激,O,E,n,氵,jī
的,O,S,uj,白,dí
保,O,B,n,亻,bǎo
护,O,M,n,扌,hù
性,O,E,n,忄,xìng
作,O,B,v,亻,zuò
用,O,E,v,用,yòng
;,O,S,x,UNK,UNK
sep,sep,sep,sep,sep,sep
LB,O,S,x,UNK,UNK
F,O,B,eng,UNK,UNK
u,O,M,eng,UNK,UNK
j,O,M,eng,UNK,UNK
i,O,M,eng,UNK,UNK
t,O,M,eng,UNK,UNK
a,O,E,eng,UNK,UNK
SPACE,O,S,x,UNK,UNK
等,O,S,u,竹,děng
[,O,S,x,UNK,UNK
num,O,B,m,UNK,UNK
num,O,E,m,UNK,UNK
],O,S,x,UNK,UNK
对,O,S,p,寸,duì
糖,B-Disease,B,n,米,táng
尿,I-Disease,M,n,尸,niào
病,I-Disease,E,n,疒,bìng
肾,I-Disease,B,n,月,shèn
病,I-Disease,E,n,疒,bìng
(,O,S,x,UNK,UNK
K,O,B,eng,UNK,UNK
K,O,E,eng,UNK,UNK
SPACE,O,S,x,UNK,UNK
/,O,S,x,UNK,UNK
SPACE,O,S,x,UNK,UNK
T,O,B,eng,UNK,UNK
a,O,E,eng,UNK,UNK
-,O,S,x,UNK,UNK
A,O,B,eng,UNK,UNK
k,O,M,eng,UNK,UNK
i,O,M,eng,UNK,UNK
t,O,M,eng,UNK,UNK
a,O,E,eng,UNK,UNK
),O,S,x,UNK,UNK
小,O,B,n,小,xiǎo
鼠,O,E,n,鼠,shǔ
给,O,B,v,纟,gěi
予,O,E,v,乙,yú
利,B-Drug,S,n,刂,lì
LB,I-Drug,S,x,UNK,UNK
拉,I-Drug,B,nrt,扌,lā
鲁,I-Drug,E,nrt,鱼,lǔ
肽,I-Drug,S,ng,月,tài
治,O,B,v,氵,zhì
疗,O,E,v,疒,liáo
后,O,S,f,口,hòu
发,O,B,v,又,fā
现,O,E,v,见,xiàn
",",O,S,x,UNK,UNK
sep,sep,sep,sep,sep,sep
其,O,S,r,八,qí
可,O,S,v,口,kě
通,O,B,p,辶,tōng
过,O,E,p,辶,guò
降,O,B,v,阝,jiàng
低,O,E,v,亻,dī
小,O,B,n,小,xiǎo
鼠,O,E,n,鼠,shǔ
肾,B-Anatomy,B,n,月,shèn
脏,I-Anatomy,E,n,月,zàng
SPACE,O,S,x,UNK,UNK
N,B-Anatomy,B,eng,UNK,UNK
A,I-Anatomy,M,eng,UNK,UNK
D,I-Anatomy,E,eng,UNK,UNK
(,I-Anatomy,S,x,UNK,UNK
P,I-Anatomy,S,x,UNK,UNK
),I-Anatomy,S,x,UNK,UNK
LB,I-Anatomy,S,x,UNK,UNK
H,I-Anatomy,S,x,UNK,UNK
SPACE,I-Anatomy,S,x,UNK,UNK
过,I-Anatomy,S,ug,辶,guò
氧,I-Anatomy,B,n,气,yǎng
化,I-Anatomy,M,n,亻,huà
酶,I-Anatomy,E,n,酉,méi
、,O,S,x,UNK,UNK
激,O,B,a,氵,jī
活,O,E,a,氵,huó
SPACE,O,S,x,UNK,UNK
c,B-Anatomy,B,eng,UNK,UNK
A,I-Anatomy,M,eng,UNK,UNK
M,I-Anatomy,M,eng,UNK,UNK
P,I-Anatomy,E,eng,UNK,UNK
-,I-Anatomy,S,x,UNK,UNK
蛋,I-Anatomy,B,n,虫,dàn
白,I-Anatomy,M,n,白,bái
激,I-Anatomy,M,n,氵,jī
酶,I-Anatomy,E,n,酉,méi
SPACE,I-Anatomy,S,x,UNK,UNK
A,I-Anatomy,S,x,UNK,UNK
(,O,S,x,UNK,UNK
P,B-Anatomy,B,eng,UNK,UNK
K,I-Anatomy,M,eng,UNK,UNK
A,I-Anatomy,E,eng,UNK,UNK
),O,S,x,UNK,UNK
通,O,B,n,辶,tōng
路,O,E,n,足,lù
延,O,B,v,廴,yán
缓,O,E,v,纟,huǎn
LB,O,S,x,UNK,UNK
糖,B-Disease,B,n,米,táng
尿,I-Disease,M,n,尸,niào
病,I-Disease,E,n,疒,bìng
肾,I-Disease,B,n,月,shèn
病,I-Disease,E,n,疒,bìng
的,O,S,uj,白,dí
进,O,B,vn,辶,jìn
展,O,E,vn,尸,zhǎn
;,O,S,x,UNK,UNK
sep,sep,sep,sep,sep,sep
本,O,S,r,木,běn
课,O,B,n,讠,kè
题,O,M,n,页,tí
组,O,E,n,纟,zǔ
的,O,S,uj,白,dí
近,O,B,t,辶,jìn
期,O,E,t,月,qī
研,O,B,vn,石,yán
究,O,E,vn,穴,jiū
结,O,B,n,纟,jié
果,O,E,n,木,guǒ
也,O,S,d,乙,yě
显,O,B,v,日,xiǎn
示,O,E,v,示,shì
",",O,S,x,UNK,UNK
sep,sep,sep,sep,sep,sep
LB,O,S,x,UNK,UNK
二,B-Drug,S,m,二,èr
肽,I-Drug,B,n,月,tài
基,I-Drug,E,n,土,jī
肽,I-Drug,B,n,月,tài
酶,I-Drug,E,n,酉,méi
SPACE,I-Drug,S,x,UNK,UNK
I,I-Drug,B,eng,UNK,UNK
V,I-Drug,E,eng,UNK,UNK
SPACE,I-Drug,S,x,UNK,UNK
抑,I-Drug,B,nz,扌,yì
制,I-Drug,M,nz,刂,zhì
剂,I-Drug,E,nz,刂,jì
(,O,S,x,UNK,UNK
d,O,B,eng,UNK,UNK
i,O,M,eng,UNK,UNK
p,O,M,eng,UNK,UNK
e,O,M,eng,UNK,UNK
p,O,M,eng,UNK,UNK
t,O,M,eng,UNK,UNK
i,O,M,eng,UNK,UNK
d,O,M,eng,UNK,UNK
y,O,M,eng,UNK,UNK
l,O,E,eng,UNK,UNK
SPACE,O,S,x,UNK,UNK
p,O,B,eng,UNK,UNK
e,O,M,eng,UNK,UNK
p,O,M,eng,UNK,UNK
t,O,M,eng,UNK,UNK
i,O,M,eng,UNK,UNK
d,O,M,eng,UNK,UNK
a,O,M,eng,UNK,UNK
s,O,M,eng,UNK,UNK
e,O,E,eng,UNK,UNK
SPACE,O,S,x,UNK,UNK
I,O,B,eng,UNK,UNK
V,O,E,eng,UNK,UNK
SPACE,O,S,x,UNK,UNK
i,O,B,eng,UNK,UNK
n,O,M,eng,UNK,UNK
h,O,M,eng,UNK,UNK
i,O,M,eng,UNK,UNK
b,O,M,eng,UNK,UNK
i,O,M,eng,UNK,UNK
t,O,M,eng,UNK,UNK
o,O,M,eng,UNK,UNK
r,O,E,eng,UNK,UNK
",",O,S,x,UNK,UNK
sep,sep,sep,sep,sep,sep
LB,O,S,x,UNK,UNK
D,B-Drug,B,eng,UNK,UNK
P,I-Drug,M,eng,UNK,UNK
P,I-Drug,E,eng,UNK,UNK
-,I-Drug,S,x,UNK,UNK
num,I-Drug,S,m,UNK,UNK
i,I-Drug,S,eng,UNK,UNK
),O,S,x,UNK,UNK
能,O,S,v,月,néng
显,O,B,a,日,xiǎn
著,O,E,a,艹,zhù
降,O,B,v,阝,jiàng
低,O,E,v,亻,dī
肿,B-Disease,B,n,月,zhǒng
瘤,I-Disease,E,n,疒,liú
细,O,B,n,纟,xì
胞,O,E,n,月,bāo
内,O,S,f,冂,nèi
的,O,S,uj,白,dí
SPACE,O,S,x,UNK,UNK
R,B-Anatomy,B,eng,UNK,UNK
O,I-Anatomy,M,eng,UNK,UNK
S,I-Anatomy,E,eng,UNK,UNK
SPACE,O,S,x,UNK,UNK
水,O,B,n,水,shuǐ
平,O,E,n,干,píng
",",O,S,x,UNK,UNK
sep,sep,sep,sep,sep,sep
因,O,B,c,囗,yīn
而,O,E,c,而,ér
具,O,S,v,八,jù
LB,O,S,x,UNK,UNK
有,O,S,v,月,yǒu
潜,O,B,t,氵,qián
在,O,E,t,土,zài
的,O,S,uj,白,dí
抗,O,B,nz,扌,kàng
氧,O,M,nz,气,yǎng
化,O,E,nz,亻,huà
能,O,B,n,月,néng
力,O,E,n,力,lì
。,O,S,x,UNK,UNK
SPACE,O,S,x,UNK,UNK
显,O,B,ad,日,xiǎn
然,O,E,ad,灬,rán
",",O,S,x,UNK,UNK
抗,B-Drug,B,nz,扌,kàng
氧,I-Drug,M,nz,气,yǎng
化,I-Drug,M,nz,亻,huà
剂,I-Drug,E,nz,刂,jì
在,O,S,p,土,zài
糖,B-Disease,B,n,米,táng
尿,I-Disease,M,n,尸,niào
病,I-Disease,E,n,疒,bìng
及,O,B,c,又,jí
其,O,E,c,八,qí
LB,O,S,x,UNK,UNK
并,O,B,l,干,bìng
发,O,M,l,又,fā
症,O,E,l,疒,zhèng
治,O,B,v,氵,zhì
疗,O,E,v,疒,liáo
中,O,S,f,丨,zhōng
有,O,B,v,月,yǒu
着,O,E,v,目,zhuó
重,O,B,a,里,zhòng
要,O,E,a,覀,yào
的,O,S,uj,白,dí
作,O,B,v,亻,zuò
用,O,E,v,用,yòng
与,O,S,p,一,yǔ
广,O,B,a,广,guǎng
泛,O,E,a,氵,fàn
的,O,S,uj,白,dí
应,O,B,v,广,yīng
用,O,E,v,用,yòng
前,O,B,n,刂,qián
景,O,E,n,日,jǐng
。,O,S,x,UNK,UNK
LB,O,S,x,UNK,UNK
三,O,S,m,一,sān
、,O,S,x,UNK,UNK
SPACE,O,S,x,UNK,UNK
糖,B-Disease,B,n,米,táng
尿,I-Disease,M,n,尸,niào
病,I-Disease,E,n,疒,bìng
的,O,S,uj,白,dí
抗,O,B,nz,扌,kàng
氧,O,M,nz,气,yǎng
化,O,E,nz,亻,huà
治,O,B,v,氵,zhì
疗,O,E,v,疒,liáo
与,O,S,p,一,yǔ
肿,B-Disease,B,n,月,zhǒng
瘤,I-Disease,E,n,疒,liú
(,O,S,x,UNK,UNK
本,O,S,r,木,běn
课,O,B,n,讠,kè
题,O,M,n,页,tí
组,O,E,n,纟,zǔ
工,O,B,vn,工,gōng
作,O,E,vn,亻,zuò
),O,S,x,UNK,UNK
LB,O,S,x,UNK,UNK
另,O,B,c,口,lìng
一,O,M,c,一,yī
方,O,M,c,方,fāng
面,O,E,c,面,miàn
",",O,S,x,UNK,UNK
sep,sep,sep,sep,sep,sep
氧,O,B,n,气,yǎng
化,O,M,n,亻,huà
应,O,M,n,广,yīng
激,O,E,n,氵,jī
在,O,S,p,土,zài
肿,B-Disease,B,n,月,zhǒng
瘤,I-Disease,E,n,疒,liú
的,O,S,uj,白,dí
发,O,B,v,又,fā
生,O,E,v,生,shēng
发,O,B,vn,又,fā
展,O,E,vn,尸,zhǎn
中,O,S,f,丨,zhōng
也,O,S,d,乙,yě
发,O,B,v,又,fā
挥,O,E,v,扌,huī
LB,O,S,x,UNK,UNK
着,O,S,uz,目,zhuó
重,O,B,a,里,zhòng
要,O,E,a,覀,yào
作,O,B,v,亻,zuò
用,O,E,v,用,yòng
。,O,S,x,UNK,UNK
sep,sep,sep,sep,sep,sep
SPACE,O,S,x,UNK,UNK
既,O,B,t,旡,jì
往,O,E,t,彳,wǎng
认,O,B,v,讠,rèn
为,O,E,v,丶,wéi
自,O,B,n,自,zì
由,O,M,n,田,yóu
基,O,E,n,土,jī
造,O,B,v,辶,zào
成,O,E,v,戈,chéng
细,B-Reason,B,n,纟,xì
胞,I-Reason,E,n,月,bāo
氧,I-Reason,B,v,气,yǎng
化,I-Reason,E,v,亻,huà
SPACE,I-Reason,S,x,UNK,UNK
D,I-Reason,B,eng,UNK,UNK
N,I-Reason,M,eng,UNK,UNK
A,I-Reason,E,eng,UNK,UNK
SPACE,I-Reason,S,x,UNK,UNK
损,I-Reason,S,n,扌,sǔn
LB,I-Reason,S,x,UNK,UNK
伤,I-Reason,S,v,亻,shāng
、,O,S,x,UNK,UNK
基,B-Reason,B,n,土,jī
因,I-Reason,M,n,囗,yīn
突,I-Reason,M,n,穴,tū
变,I-Reason,E,n,又,biàn
",",O,S,x,UNK,UNK
sep,sep,sep,sep,sep,sep
进,O,B,c,辶,jìn
而,O,E,c,而,ér
导,O,B,v,寸,dǎo
致,O,E,v,至,zhì
肿,B-Disease,B,n,月,zhǒng
瘤,I-Disease,E,n,疒,liú
形,O,B,v,彡,xíng
成,O,E,v,戈,chéng
[,O,S,x,UNK,UNK
num,O,B,m,UNK,UNK
num,O,E,m,UNK,UNK
],O,S,x,UNK,UNK
。,O,S,x,UNK,UNK
SPACE,O,S,x,UNK,UNK
因,O,B,c,囗,yīn
此,O,E,c,止,cǐ
",",O,S,x,UNK,UNK
有,O,S,v,月,yǒu
学,O,B,n,子,xué
者,O,E,n,耂,zhě
尝,O,S,v,小,cháng
LB,O,S,x,UNK,UNK
试,O,S,v,讠,shì
将,O,S,d,寸,jiāng
抗,B-Drug,B,nz,扌,kàng
氧,I-Drug,M,nz,气,yǎng
化,I-Drug,M,nz,亻,huà
剂,I-Drug,E,nz,刂,jì
应,O,B,v,广,yīng
用,O,E,v,用,yòng
于,O,S,p,二,yú
肿,B-Disease,B,n,月,zhǒng
瘤,I-Disease,E,n,疒,liú
的,O,S,uj,白,dí
预,O,B,v,页,yù
防,O,E,v,阝,fáng
与,O,S,p,一,yǔ
治,O,B,v,氵,zhì
疗,O,E,v,疒,liáo
。,O,S,x,UNK,UNK
SPACE,O,S,x,UNK,UNK
遗,O,B,a,辶,yí
憾,O,E,a,忄,hàn
的,O,S,uj,白,dí
是,O,S,v,日,shì
",",O,S,x,UNK,UNK
LB,O,S,x,UNK,UNK
多,O,B,m,夕,duō
数,O,E,m,攵,shù
的,O,S,uj,白,dí
临,O,B,n,丨,lín
床,O,M,n,广,chuáng
试,O,M,n,讠,shì
验,O,E,n,马,yàn
均,O,S,d,土,jūn
未,O,S,d,木,wèi
取,O,B,v,又,qǔ
得,O,E,v,彳,dé
预,O,B,vn,页,yù
期,O,E,vn,月,qī
效,O,B,n,攵,xiào
果,O,E,n,木,guǒ
[,O,S,x,UNK,UNK
num,O,B,m,UNK,UNK
num,O,E,m,UNK,UNK
],O,S,x,UNK,UNK
",",O,S,x,UNK,UNK
sep,sep,sep,sep,sep,sep
提,O,B,v,扌,tí
示,O,E,v,示,shì
抗,B-Drug,B,nz,扌,kàng
氧,I-Drug,M,nz,气,yǎng
化,I-Drug,M,nz,亻,huà
剂,I-Drug,E,nz,刂,jì
LB,O,S,x,UNK,UNK
对,O,S,p,寸,duì
肿,B-Disease,B,n,月,zhǒng
瘤,I-Disease,E,n,疒,liú
生,O,B,n,生,shēng
物,O,M,n,牜,wù
学,O,E,n,子,xué
行,O,B,v,行,háng
为,O,E,v,丶,wéi
的,O,S,uj,白,dí
影,O,B,vn,彡,yǐng
响,O,E,vn,口,xiǎng
需,O,B,v,雨,xū
要,O,E,v,覀,yào
进,O,B,d,辶,jìn
一,O,M,d,一,yī
步,O,E,d,止,bù
深,O,B,v,氵,shēn
入,O,E,v,入,rù
的,O,S,uj,白,dí
研,O,B,vn,石,yán
究,O,E,vn,穴,jiū
。,O,S,x,UNK,UNK
sep,sep,sep,sep,sep,sep
SPACE,O,S,x,UNK,UNK
而,O,S,c,而,ér
LB,O,S,x,UNK,UNK
近,O,B,t,辶,jìn
期,O,E,t,月,qī
的,O,S,uj,白,dí
一,O,B,m,一,yī
系,O,M,m,糸,xì
列,O,E,m,刂,liè
研,O,B,vn,石,yán
究,O,E,vn,穴,jiū
则,O,S,d,刂,zé
发,O,B,v,又,fā
现,O,E,v,见,xiàn
",",O,S,x,UNK,UNK
sep,sep,sep,sep,sep,sep
某,O,B,r,木,mǒu
些,O,E,r,二,xiē
抗,B-Drug,B,nz,扌,kàng
氧,I-Drug,M,nz,气,yǎng
化,I-Drug,M,nz,亻,huà
剂,I-Drug,E,nz,刂,jì
对,O,B,p,寸,duì
于,O,E,p,二,yú
特,O,B,d,牜,tè
定,O,E,d,宀,dìng
的,O,S,uj,白,dí
LB,O,S,x,UNK,UNK
肿,B-Disease,B,n,月,zhǒng
瘤,I-Disease,E,n,疒,liú
不,O,B,c,一,bù
仅,O,E,c,亻,jǐn
没,O,B,v,氵,méi
有,O,E,v,月,yǒu
抑,O,B,l,扌,yì
制,O,M,l,刂,zhì
作,O,M,l,亻,zuò
用,O,E,l,用,yòng
",",O,S,x,UNK,UNK
sep,sep,sep,sep,sep,sep
反,O,B,c,又,fǎn
而,O,E,c,而,ér
可,O,B,v,口,kě
能,O,E,v,月,néng
加,O,B,v,力,jiā
剧,O,E,v,刂,jù
其,O,S,r,八,qí
进,O,B,vn,辶,jìn
展,O,E,vn,尸,zhǎn
。,O,S,x,UNK,UNK
sep,sep,sep,sep,sep,sep
SPACE,O,S,x,UNK,UNK
例,O,B,v,亻,lì
如,O,E,v,女,rú
LB,O,S,x,UNK,UNK
S,O,B,eng,UNK,UNK
c,O,M,eng,UNK,UNK
h,O,M,eng,UNK,UNK
a,O,M,eng,UNK,UNK
f,O,M,eng,UNK,UNK
e,O,M,eng,UNK,UNK
r,O,E,eng,UNK,UNK
SPACE,O,S,x,UNK,UNK
等,O,S,u,竹,děng
[,O,S,x,UNK,UNK
num,O,B,m,UNK,UNK
num,O,E,m,UNK,UNK
],O,S,x,UNK,UNK
的,O,S,uj,白,dí
体,O,B,s,亻,tǐ
外,O,E,s,夕,wài
研,O,B,vn,石,yán
究,O,E,vn,穴,jiū
表,O,B,v,衣,biǎo
明,O,E,v,日,míng
",",O,S,x,UNK,UNK
sep,sep,sep,sep,sep,sep
清,O,B,v,氵,qīng
除,O,E,v,阝,chú
来,O,B,v,木,lái
源,O,M,v,氵,yuán
于,O,E,v,二,yú
乳,B-Disease,B,n,乚,rǔ
腺,I-Disease,M,n,月,xiàn
癌,I-Disease,E,n,疒,ái
患,O,B,n,心,huàn
者,O,E,n,耂,zhě
LB,O,S,x,UNK,UNK
肿,B-Disease,B,n,月,zhǒng
瘤,I-Disease,E,n,疒,liú
细,O,B,n,纟,xì
胞,O,E,n,月,bāo
内,O,S,f,冂,nèi
的,O,S,uj,白,dí
SPACE,O,S,x,UNK,UNK
R,B-Anatomy,B,eng,UNK,UNK
O,I-Anatomy,M,eng,UNK,UNK
S,I-Anatomy,E,eng,UNK,UNK
",",O,S,x,UNK,UNK
sep,sep,sep,sep,sep,sep
更,O,S,d,曰,gēng
有,O,B,v,月,yǒu
助,O,M,v,力,zhù
于,O,E,v,二,yú
肿,B-Disease,B,n,月,zhǒng
瘤,I-Disease,E,n,疒,liú
细,O,B,n,纟,xì
胞,O,E,n,月,bāo
在,O,S,p,土,zài
胞,B-Anatomy,B,n,月,bāo
外,I-Anatomy,M,n,夕,wài
基,I-Anatomy,M,n,土,jī
质,I-Anatomy,E,n,贝,zhì
中,O,S,f,丨,zhōng
LB,O,S,x,UNK,UNK
的,O,S,uj,白,dí
存,O,B,vn,子,cún
活,O,E,vn,氵,huó
。,O,S,x,UNK,UNK
sep,sep,sep,sep,sep,sep
SPACE,O,S,x,UNK,UNK
P,O,B,eng,UNK,UNK
i,O,M,eng,UNK,UNK
s,O,M,eng,UNK,UNK
k,O,M,eng,UNK,UNK
o,O,M,eng,UNK,UNK
u,O,M,eng,UNK,UNK
n,O,M,eng,UNK,UNK
o,O,M,eng,UNK,UNK
v,O,M,eng,UNK,UNK
a,O,E,eng,UNK,UNK
SPACE,O,S,x,UNK,UNK
等,O,S,u,竹,děng
[,O,S,x,UNK,UNK
num,O,B,m,UNK,UNK
num,O,E,m,UNK,UNK
],O,S,x,UNK,UNK
的,O,S,uj,白,dí
研,O,B,vn,石,yán
究,O,E,vn,穴,jiū
则,O,S,d,刂,zé
发,O,B,v,又,fā
现,O,E,v,见,xiàn
",",O,S,x,UNK,UNK
sep,sep,sep,sep,sep,sep
抗,B-Drug,B,nz,扌,kàng
氧,I-Drug,M,nz,气,yǎng
化,I-Drug,M,nz,亻,huà
剂,I-Drug,E,nz,刂,jì
SPACE,O,S,x,UNK,UNK
N,B-Drug,S,x,UNK,UNK
-,I-Drug,S,x,UNK,UNK
LB,I-Drug,S,x,UNK,UNK
乙,I-Drug,B,n,乙,yǐ
酰,I-Drug,E,n,酉,xiān
半,I-Drug,B,n,十,bàn
胱,I-Drug,M,n,月,guāng
氨,I-Drug,M,n,气,ān
酸,I-Drug,E,n,酉,suān
(,O,S,x,UNK,UNK
N,B-Drug,B,eng,UNK,UNK
A,I-Drug,M,eng,UNK,UNK
C,I-Drug,E,eng,UNK,UNK
),O,S,x,UNK,UNK
干,O,B,v,干,gān
预,O,E,v,页,yù
使,O,S,v,亻,shǐ
小,O,B,n,小,xiǎo
鼠,O,E,n,鼠,shǔ
黑,B-Disease,B,n,黑,hēi
色,I-Disease,M,n,色,sè
素,I-Disease,M,n,糸,sù
瘤,I-Disease,E,n,疒,liú
的,O,S,uj,白,dí
转,O,B,v,车,zhuǎn
移,O,E,v,禾,yí
明,O,S,a,日,míng
LB,O,S,x,UNK,UNK
显,O,S,v,日,xiǎn
增,O,B,v,土,zēng
加,O,E,v,力,jiā
",",O,S,x,UNK,UNK
sep,sep,sep,sep,sep,sep
其,O,S,r,八,qí
反,O,B,c,又,fǎn
而,O,E,c,而,ér
促,O,B,v,亻,cù
进,O,E,v,辶,jìn
了,O,S,ul,乙,liǎo
黑,B-Disease,B,n,黑,hēi
色,I-Disease,M,n,色,sè
素,I-Disease,M,n,糸,sù
瘤,I-Disease,E,n,疒,liú
的,O,S,uj,白,dí
恶,O,B,n,心,è
性,O,E,n,忄,xìng
进,O,B,vn,辶,jìn
展,O,E,vn,尸,zhǎn
;,O,S,x,UNK,UNK
sep,sep,sep,sep,sep,sep
SPACE,O,S,x,UNK,UNK
S,O,B,eng,UNK,UNK
a,O,M,eng,UNK,UNK
y,O,M,eng,UNK,UNK
i,O,M,eng,UNK,UNK
n,O,E,eng,UNK,UNK
LB,O,S,x,UNK,UNK
等,O,S,u,竹,děng
[,O,S,x,UNK,UNK
num,O,B,m,UNK,UNK
num,O,E,m,UNK,UNK
],O,S,x,UNK,UNK
的,O,S,uj,白,dí
研,O,B,vn,石,yán
究,O,E,vn,穴,jiū
还,O,S,d,辶,huán
发,O,B,v,又,fā
现,O,E,v,见,xiàn
",",O,S,x,UNK,UNK
sep,sep,sep,sep,sep,sep
N,B-Drug,B,eng,UNK,UNK
A,I-Drug,M,eng,UNK,UNK
C,I-Drug,E,eng,UNK,UNK
SPACE,O,S,x,UNK,UNK
与,O,S,p,一,yǔ
维,B-Drug,B,nr,纟,wéi
生,I-Drug,M,nr,生,shēng
素,I-Drug,E,nr,糸,sù
SPACE,I-Drug,S,x,UNK,UNK
E,I-Drug,S,x,UNK,UNK
SPACE,O,S,x,UNK,UNK
不,O,B,c,一,bù
仅,O,E,c,亻,jǐn
可,O,S,v,口,kě
通,O,B,p,辶,tōng
过,O,E,p,辶,guò
影,O,S,vn,彡,yǐng
LB,O,S,x,UNK,UNK
响,O,S,zg,口,xiǎng
SPACE,O,S,x,UNK,UNK
R,B-Anatomy,B,eng,UNK,UNK
O,I-Anatomy,M,eng,UNK,UNK
S,I-Anatomy,E,eng,UNK,UNK
-,I-Anatomy,S,x,UNK,UNK
p,I-Anatomy,B,eng,UNK,UNK
num,I-Anatomy,M,eng,UNK,UNK
num,I-Anatomy,E,eng,UNK,UNK
SPACE,I-Anatomy,S,x,UNK,UNK
信,I-Anatomy,B,n,亻,xìn
号,I-Anatomy,E,n,口,hào
促,O,B,v,亻,cù
进,O,E,v,辶,jìn
小,O,B,n,小,xiǎo
鼠,O,E,n,鼠,shǔ
肺,B-Disease,B,n,月,fèi
癌,I-Disease,E,n,疒,ái
的,O,S,uj,白,dí
进,O,B,vn,辶,jìn
展,O,E,vn,尸,zhǎn
",",O,S,x,UNK,UNK
sep,sep,sep,sep,sep,sep
还,O,S,d,辶,huán
能,O,S,v,月,néng
通,O,B,p,辶,tōng
过,O,E,p,辶,guò
作,O,B,v,亻,zuò
用,O,E,v,用,yòng
LB,O,S,x,UNK,UNK
于,O,S,p,二,yú
SPACE,O,S,x,UNK,UNK
R,B-Anatomy,B,eng,UNK,UNK
h,I-Anatomy,M,eng,UNK,UNK
o,I-Anatomy,M,eng,UNK,UNK
A,I-Anatomy,E,eng,UNK,UNK
SPACE,I-Anatomy,S,x,UNK,UNK
通,I-Anatomy,B,n,辶,tōng
路,I-Anatomy,E,n,足,lù
促,O,B,v,亻,cù
进,O,E,v,辶,jìn
小,O,B,n,小,xiǎo
鼠,O,E,n,鼠,shǔ
黑,B-Disease,B,n,黑,hēi
色,I-Disease,M,n,色,sè
素,I-Disease,M,n,糸,sù
瘤,I-Disease,E,n,疒,liú
的,O,S,uj,白,dí
转,O,B,v,车,zhuǎn
移,O,E,v,禾,yí
[,O,S,x,UNK,UNK
num,O,B,m,UNK,UNK
num,O,E,m,UNK,UNK
],O,S,x,UNK,UNK
;,O,S,x,UNK,UNK
sep,sep,sep,sep,sep,sep
H,O,B,eng,UNK,UNK
e,O,M,eng,UNK,UNK
r,O,M,eng,UNK,UNK
r,O,M,eng,UNK,UNK
a,O,M,eng,UNK,UNK
i,O,M,eng,UNK,UNK
z,O,E,eng,UNK,UNK
LB,O,S,x,UNK,UNK
等,O,S,u,竹,děng
[,O,S,x,UNK,UNK
num,O,B,m,UNK,UNK
num,O,E,m,UNK,UNK
],O,S,x,UNK,UNK
研,O,B,vn,石,yán
究,O,E,vn,穴,jiū
证,O,B,n,讠,zhèng
实,O,E,n,宀,shí
",",O,S,x,UNK,UNK
sep,sep,sep,sep,sep,sep
黑,B-Disease,B,n,黑,hēi
色,I-Disease,M,n,色,sè
素,I-Disease,M,n,糸,sù
瘤,I-Disease,E,n,疒,liú
迁,O,B,v,辶,qiān
移,O,E,v,禾,yí
与,O,B,c,一,yǔ
其,O,E,c,八,qí
细,O,B,n,纟,xì
胞,O,E,n,月,bāo
形,O,B,n,彡,xíng
态,O,E,n,心,tài
密,O,B,ad,宀,mì
切,O,E,ad,刀,qiē
相,O,S,v,目,xiāng
LB,O,S,x,UNK,UNK
关,O,S,v,丷,guān
",",O,S,x,UNK,UNK
sep,sep,sep,sep,sep,sep
而,O,S,c,而,ér
黑,B-Disease,B,n,黑,hēi
色,I-Disease,M,n,色,sè
素,I-Disease,M,n,糸,sù
瘤,I-Disease,E,n,疒,liú
细,O,B,n,纟,xì
胞,O,E,n,月,bāo
形,O,B,n,彡,xíng
态,O,E,n,心,tài
的,O,S,uj,白,dí
变,O,B,vn,又,biàn
化,O,E,vn,亻,huà
依,O,B,v,亻,yī
赖,O,M,v,贝,lài
于,O,E,v,二,yú
SPACE,O,S,x,UNK,UNK
R,B-Test,B,eng,UNK,UNK
a,I-Test,M,eng,UNK,UNK
c,I-Test,E,eng,UNK,UNK
SPACE,O,S,x,UNK,UNK
与,O,S,p,一,yǔ
SPACE,O,S,x,UNK,UNK
R,B-Test,B,eng,UNK,UNK
h,I-Test,M,eng,UNK,UNK
o,I-Test,E,eng,UNK,UNK
SPACE,O,S,x,UNK,UNK
分,O,S,v,刀,fēn
LB,O,S,x,UNK,UNK
子,O,S,ng,子,zǐ
数,O,B,n,攵,shù
量,O,E,n,里,liáng
",",O,S,x,UNK,UNK
sep,sep,sep,sep,sep,sep
抗,B-Drug,B,nz,扌,kàng
氧,I-Drug,M,nz,气,yǎng
化,I-Drug,M,nz,亻,huà
剂,I-Drug,E,nz,刂,jì
则,O,S,d,刂,zé
通,O,B,p,辶,tōng
过,O,E,p,辶,guò
清,O,B,v,氵,qīng
除,O,E,v,阝,chú
氧,B-Test,S,n,气,yǎng
自,I-Test,B,n,自,zì
由,I-Test,M,n,田,yóu
基,I-Test,E,n,土,jī
减,O,B,v,冫,jiǎn
少,O,E,v,小,shǎo
SPACE,O,S,x,UNK,UNK
R,B-Test,B,eng,UNK,UNK
a,I-Test,M,eng,UNK,UNK
c,I-Test,E,eng,UNK,UNK
、,O,S,x,UNK,UNK
增,B-Test_Value,B,v,土,zēng
加,I-Test_Value,E,v,力,jiā
LB,O,S,x,UNK,UNK
R,B-Test,B,eng,UNK,UNK
h,I-Test,M,eng,UNK,UNK
o,I-Test,E,eng,UNK,UNK
SPACE,O,S,x,UNK,UNK
数,O,B,n,攵,shù
量,O,E,n,里,liáng
",",O,S,x,UNK,UNK
sep,sep,sep,sep,sep,sep
进,O,B,c,辶,jìn
而,O,E,c,而,ér
使,O,S,v,亻,shǐ
黑,B-Disease,B,n,黑,hēi
色,I-Disease,M,n,色,sè
素,I-Disease,M,n,糸,sù
瘤,I-Disease,E,n,疒,liú
细,O,B,n,纟,xì
胞,O,E,n,月,bāo
形,O,B,n,彡,xíng
态,O,E,n,心,tài
圆,O,B,n,囗,yuán
润,O,E,n,氵,rùn
",",O,S,x,UNK,UNK
sep,sep,sep,sep,sep,sep
增,O,B,v,土,zēng
加,O,E,v,力,jiā
其,O,S,r,八,qí
迁,O,B,v,辶,qiān
移,O,E,v,禾,yí
LB,O,S,x,UNK,UNK
速,O,B,n,辶,sù
度,O,E,n,广,dù
;,O,S,x,UNK,UNK
sep,sep,sep,sep,sep,sep
而,O,S,c,而,ér
临,O,B,vn,丨,lín
床,O,E,vn,广,chuáng
SPACE,O,S,x,UNK,UNK
m,O,B,eng,UNK,UNK
e,O,M,eng,UNK,UNK
t,O,M,eng,UNK,UNK
a,O,E,eng,UNK,UNK
SPACE,O,S,x,UNK,UNK
分,O,B,vn,刀,fēn
析,O,E,vn,木,xī
的,O,S,uj,白,dí
结,O,B,n,纟,jié
果,O,E,n,木,guǒ
也,O,S,d,乙,yě
证,O,B,n,讠,zhèng
实,O,E,n,宀,shí
",",O,S,x,UNK,UNK
sep,sep,sep,sep,sep,sep
单,O,B,d,十,dān
独,O,E,d,犭,dú
或,O,S,c,戈,huò
联,O,B,v,耳,lián
合,O,E,v,口,hé
给,O,S,p,纟,gěi
LB,O,S,x,UNK,UNK
予,O,S,vg,乙,yú
抗,B-Drug,B,nz,扌,kàng
氧,I-Drug,M,nz,气,yǎng
化,I-Drug,M,nz,亻,huà
剂,I-Drug,E,nz,刂,jì
(,O,S,x,UNK,UNK
维,B-Drug,B,nr,纟,wéi
生,I-Drug,M,nr,生,shēng
素,I-Drug,E,nr,糸,sù
SPACE,I-Drug,S,x,UNK,UNK
A,I-Drug,S,x,UNK,UNK
、,I-Drug,S,x,UNK,UNK
C,I-Drug,S,x,UNK,UNK
、,I-Drug,S,x,UNK,UNK
E,I-Drug,S,x,UNK,UNK
、,O,S,x,UNK,UNK
β,B-Drug,S,x,UNK,UNK
-,I-Drug,S,x,UNK,UNK
胡,I-Drug,B,n,月,hú
萝,I-Drug,M,n,艹,luó
卜,I-Drug,M,n,卜,bǔ
素,I-Drug,E,n,糸,sù
及,O,S,c,又,jí
硒,B-Drug,S,n,石,xī
),O,S,x,UNK,UNK
并,O,S,c,干,bìng
不,O,B,v,一,bù
能,O,E,v,月,néng
LB,O,S,x,UNK,UNK
降,O,B,v,阝,jiàng
低,O,E,v,亻,dī
胃,B-Disease,B,n,月,wèi
肠,I-Disease,M,n,月,cháng
道,I-Disease,E,n,辶,dào
肿,I-Disease,B,n,月,zhǒng
瘤,I-Disease,E,n,疒,liú
的,O,S,uj,白,dí
发,O,B,v,又,fā
生,O,E,v,生,shēng
风,O,B,n,风,fēng
险,O,E,n,阝,xiǎn
(,O,S,x,UNK,UNK
R,O,B,eng,UNK,UNK
R,O,E,eng,UNK,UNK
SPACE,O,S,x,UNK,UNK
num,O,B,m,UNK,UNK
.,O,E,m,UNK,UNK
SPACE,O,S,x,UNK,UNK
num,O,B,m,UNK,UNK
num,O,E,m,UNK,UNK
",",O,S,x,UNK,UNK
SPACE,O,S,x,UNK,UNK
num,O,B,m,UNK,UNK
num,O,E,m,UNK,UNK
%,O,S,x,UNK,UNK
SPACE,O,S,x,UNK,UNK
C,O,B,eng,UNK,UNK
I,O,E,eng,UNK,UNK
SPACE,O,S,x,UNK,UNK
num,O,B,m,UNK,UNK
.,O,E,m,UNK,UNK
SPACE,O,S,x,UNK,UNK
num,O,B,m,UNK,UNK
num,O,E,m,UNK,UNK
SPACE,O,S,x,UNK,UNK
~,O,S,x,UNK,UNK
LB,O,S,x,UNK,UNK
num,O,B,m,UNK,UNK
.,O,E,m,UNK,UNK
SPACE,O,S,x,UNK,UNK
num,O,B,m,UNK,UNK
num,O,E,m,UNK,UNK
),O,S,x,UNK,UNK
",",O,S,x,UNK,UNK
sep,sep,sep,sep,sep,sep
反,O,B,c,又,fǎn
而,O,E,c,而,ér
增,O,B,v,土,zēng
加,O,E,v,力,jiā
了,O,S,ul,乙,liǎo
总,O,B,n,心,zǒng
体,O,E,n,亻,tǐ
死,B-Disease,B,n,歹,sǐ
亡,I-Disease,M,n,亠,wáng
率,O,E,n,玄,shuài
SPACE,O,S,x,UNK,UNK
(,O,S,x,UNK,UNK
SPACE,O,S,x,UNK,UNK
R,O,B,eng,UNK,UNK
R,O,E,eng,UNK,UNK
SPACE,O,S,x,UNK,UNK
num,O,B,m,UNK,UNK
.,O,E,m,UNK,UNK
SPACE,O,S,x,UNK,UNK
num,O,B,m,UNK,UNK
num,O,E,m,UNK,UNK
",",O,S,x,UNK,UNK
SPACE,O,S,x,UNK,UNK
num,O,B,m,UNK,UNK
num,O,E,m,UNK,UNK
%,O,S,x,UNK,UNK
SPACE,O,S,x,UNK,UNK
C,O,B,eng,UNK,UNK
I,O,E,eng,UNK,UNK
LB,O,S,x,UNK,UNK
num,O,B,m,UNK,UNK
.,O,E,m,UNK,UNK
SPACE,O,S,x,UNK,UNK
num,O,B,m,UNK,UNK
num,O,E,m,UNK,UNK
SPACE,O,S,x,UNK,UNK
~,O,S,x,UNK,UNK
num,O,B,m,UNK,UNK
.,O,E,m,UNK,UNK
SPACE,O,S,x,UNK,UNK
num,O,B,m,UNK,UNK
num,O,E,m,UNK,UNK
),O,S,x,UNK,UNK
SPACE,O,S,x,UNK,UNK
[,O,S,x,UNK,UNK
num,O,B,m,UNK,UNK
num,O,E,m,UNK,UNK
],O,S,x,UNK,UNK
;,O,S,x,UNK,UNK
sep,sep,sep,sep,sep,sep
num,O,B,m,UNK,UNK
num,O,M,m,UNK,UNK
num,O,M,m,UNK,UNK
num,O,E,m,UNK,UNK
SPACE,O,S,x,UNK,UNK
年,O,S,m,干,nián
发,O,B,v,又,fā
表,O,E,v,衣,biǎo
于,O,S,p,二,yú
SPACE,O,S,x,UNK,UNK
J,O,B,eng,UNK,UNK
A,O,M,eng,UNK,UNK
M,O,M,eng,UNK,UNK
A,O,E,eng,UNK,UNK
SPACE,O,S,x,UNK,UNK
杂,O,B,n,木,zá
志,O,E,n,心,zhì
的,O,S,uj,白,dí
SPACE,O,S,x,UNK,UNK
S,O,B,eng,UNK,UNK
E,O,M,eng,UNK,UNK
L,O,M,eng,UNK,UNK
E,O,M,eng,UNK,UNK
C,O,M,eng,UNK,UNK
T,O,E,eng,UNK,UNK
LB,O,S,x,UNK,UNK
研,O,B,vn,石,yán
究,O,E,vn,穴,jiū
结,O,B,n,纟,jié
果,O,E,n,木,guǒ
提,O,B,v,扌,tí
示,O,E,v,示,shì
",",O,S,x,UNK,UNK
sep,sep,sep,sep,sep,sep
补,O,B,v,衤,bǔ
充,O,E,v,亠,chōng
抗,B-Drug,B,nz,扌,kàng
氧,I-Drug,M,nz,气,yǎng
化,I-Drug,M,nz,亻,huà
剂,I-Drug,E,nz,刂,jì
(,O,S,x,UNK,UNK
维,B-Drug,B,nr,纟,wéi
生,I-Drug,M,nr,生,shēng
素,I-Drug,E,nr,糸,sù
SPACE,I-Drug,S,x,UNK,UNK
E,I-Drug,S,x,UNK,UNK
),O,S,x,UNK,UNK
反,O,B,c,又,fǎn
而,O,E,c,而,ér
显,O,B,a,日,xiǎn
著,O,E,a,艹,zhù
增,O,S,v,土,zēng
LB,O,S,x,UNK,UNK
加,O,S,v,力,jiā
前,B-Disease,B,n,刂,qián
列,I-Disease,M,n,刂,liè
腺,I-Disease,M,n,月,xiàn
癌,I-Disease,E,n,疒,ái
的,O,S,uj,白,dí
发,O,B,v,又,fā
生,O,E,v,生,shēng
风,O,B,n,风,fēng
险,O,E,n,阝,xiǎn
(,O,S,x,UNK,UNK
H,O,B,eng,UNK,UNK
R,O,E,eng,UNK,UNK
SPACE,O,S,x,UNK,UNK
num,O,B,m,UNK,UNK
.,O,E,m,UNK,UNK
SPACE,O,S,x,UNK,UNK
num,O,B,m,UNK,UNK
num,O,E,m,UNK,UNK
",",O,S,x,UNK,UNK
num,O,B,m,UNK,UNK
num,O,E,m,UNK,UNK
%,O,S,x,UNK,UNK
SPACE,O,S,x,UNK,UNK
C,O,B,eng,UNK,UNK
I,O,E,eng,UNK,UNK
SPACE,O,S,x,UNK,UNK
num,O,B,m,UNK,UNK
.,O,E,m,UNK,UNK
SPACE,O,S,x,UNK,UNK
num,O,B,m,UNK,UNK
num,O,M,m,UNK,UNK
num,O,E,m,UNK,UNK
SPACE,O,S,x,UNK,UNK
~,O,S,x,UNK,UNK
LB,O,S,x,UNK,UNK
num,O,B,m,UNK,UNK
.,O,E,m,UNK,UNK
SPACE,O,S,x,UNK,UNK
num,O,B,m,UNK,UNK
num,O,E,m,UNK,UNK
",",O,S,x,UNK,UNK
P,O,S,x,UNK,UNK
=,O,S,x,UNK,UNK
num,O,B,m,UNK,UNK
.,O,E,m,UNK,UNK
SPACE,O,S,x,UNK,UNK
num,O,B,m,UNK,UNK
num,O,M,m,UNK,UNK
num,O,E,m,UNK,UNK
),O,S,x,UNK,UNK
SPACE,O,S,x,UNK,UNK
[,O,S,x,UNK,UNK
num,O,B,m,UNK,UNK
num,O,E,m,UNK,UNK
],O,S,x,UNK,UNK
。,O,S,x,UNK,UNK
SPACE,O,S,x,UNK,UNK
显,O,B,ad,日,xiǎn
然,O,E,ad,灬,rán
",",O,S,x,UNK,UNK
相,O,B,d,目,xiāng
较,O,E,d,车,jiào
于,O,S,p,二,yú
其,O,B,r,八,qí
他,O,E,r,亻,tā
糖,B-Disease,B,n,米,táng
尿,I-Disease,M,n,尸,niào
病,I-Disease,E,n,疒,bìng
治,O,B,v,氵,zhì
疗,O,E,v,疒,liáo
",",O,S,x,UNK,UNK
sep,sep,sep,sep,sep,sep
LB,O,S,x,UNK,UNK
糖,B-Disease,B,n,米,táng
尿,I-Disease,M,n,尸,niào
病,I-Disease,E,n,疒,bìng
的,O,S,uj,白,dí
抗,O,B,nz,扌,kàng
氧,O,M,nz,气,yǎng
化,O,E,nz,亻,huà
治,O,B,v,氵,zhì
疗,O,E,v,疒,liáo
更,O,B,d,曰,gēng
易,O,E,d,日,yì
对,O,S,p,寸,duì
肿,B-Disease,B,n,月,zhǒng
瘤,I-Disease,E,n,疒,liú
细,O,B,n,纟,xì
胞,O,E,n,月,bāo
的,O,S,uj,白,dí
生,O,B,n,生,shēng
物,O,M,n,牜,wù
学,O,E,n,子,xué
行,O,B,v,行,háng
为,O,E,v,丶,wéi
产,O,S,n,亠,chǎn
LB,O,S,x,UNK,UNK
生,O,S,vn,生,shēng
影,O,B,vn,彡,yǐng
响,O,E,vn,口,xiǎng
",",O,S,x,UNK,UNK
sep,sep,sep,sep,sep,sep
而,O,S,c,而,ér
其,O,S,r,八,qí
具,O,B,a,八,jù
体,O,E,a,亻,tǐ
影,O,B,vn,彡,yǐng
响,O,E,vn,口,xiǎng
及,O,S,c,又,jí
机,O,B,n,木,jī
制,O,E,n,刂,zhì
亟,O,B,v,二,jí
需,O,E,v,雨,xū
进,O,B,d,辶,jìn
一,O,M,d,一,yī
步,O,E,d,止,bù
研,O,B,vn,石,yán
究,O,E,vn,穴,jiū
阐,O,B,v,门,chǎn
明,O,E,v,日,míng
。,O,S,x,UNK,UNK
LB,O,S,x,UNK,UNK
因,O,B,c,囗,yīn
此,O,E,c,止,cǐ
",",O,S,x,UNK,UNK
本,O,S,r,木,běn
课,O,B,n,讠,kè
题,O,M,n,页,tí
组,O,E,n,纟,zǔ
对,O,S,p,寸,duì
临,O,B,vn,丨,lín
床,O,E,vn,广,chuáng
常,O,B,a,巾,cháng
见,O,E,a,见,jiàn
的,O,S,uj,白,dí
、,O,S,x,UNK,UNK
可,O,B,v,口,kě
能,O,E,v,月,néng
影,O,B,vn,彡,yǐng
响,O,E,vn,口,xiǎng
机,O,B,n,木,jī
体,O,E,n,亻,tǐ
氧,O,B,v,气,yǎng
化,O,E,v,亻,huà
LB,O,S,x,UNK,UNK
应,O,B,v,广,yīng
激,O,E,v,氵,jī
的,O,S,uj,白,dí
抗,B-Drug,S,vn,扌,kàng
糖,I-Drug,B,n,米,táng
尿,I-Drug,M,n,尸,niào
病,I-Drug,E,n,疒,bìng
药,I-Drug,B,n,艹,yào
物,I-Drug,E,n,牜,wù
进,O,B,v,辶,jìn
行,O,E,v,行,háng
了,O,S,ul,乙,liǎo
系,O,B,n,糸,xì
统,O,E,n,纟,tǒng
筛,O,B,v,竹,shāi
选,O,E,v,辶,xuǎn
",",O,S,x,UNK,UNK
sep,sep,sep,sep,sep,sep
发,O,B,v,又,fā
现,O,E,v,见,xiàn
SPACE,O,S,x,UNK,UNK
D,B-Drug,B,eng,UNK,UNK
P,I-Drug,M,eng,UNK,UNK
P,I-Drug,E,eng,UNK,UNK
-,I-Drug,S,x,UNK,UNK
num,I-Drug,S,m,UNK,UNK
i,I-Drug,S,eng,UNK,UNK
LB,O,S,x,UNK,UNK
(,O,S,x,UNK,UNK
沙,B-Drug,B,nrt,氵,shā
格,I-Drug,M,nrt,木,gé
列,I-Drug,M,nrt,刂,liè
汀,I-Drug,E,nrt,氵,tīng
、,O,S,x,UNK,UNK
西,B-Drug,B,n,覀,xī
格,I-Drug,E,n,木,gé
列,I-Drug,B,nrt,刂,liè
汀,I-Drug,E,nrt,氵,tīng
),O,S,x,UNK,UNK
与,O,S,p,一,yǔ
糖,B-Disease,B,n,米,táng
尿,I-Disease,M,n,尸,niào
病,I-Disease,E,n,疒,bìng
神,I-Disease,B,n,礻,shén
经,I-Disease,M,n,纟,jīng
病,I-Disease,E,n,疒,bìng
变,I-Disease,S,v,又,biàn
治,O,B,v,氵,zhì
疗,O,E,v,疒,liáo
药,O,B,n,艹,yào
物,O,E,n,牜,wù
硫,B-Drug,S,n,石,liú
LB,I-Drug,S,x,UNK,UNK
辛,I-Drug,B,nz,辛,xīn
酸,I-Drug,E,nz,酉,suān
虽,O,S,zg,虫,suī
不,O,S,d,一,bù
增,O,B,v,土,zēng
加,O,E,v,力,jiā
新,O,B,n,斤,xīn
生,O,E,n,生,shēng
肿,B-Disease,B,n,月,zhǒng
瘤,I-Disease,E,n,疒,liú
的,O,S,uj,白,dí
发,O,B,v,又,fā
生,O,E,v,生,shēng
风,O,B,n,风,fēng
险,O,E,n,阝,xiǎn
",",O,S,x,UNK,UNK
sep,sep,sep,sep,sep,sep
却,O,S,d,卩,què
显,O,B,a,日,xiǎn
著,O,E,a,艹,zhù
促,O,B,v,亻,cù
进,O,E,v,辶,jìn
小,O,B,n,小,xiǎo
鼠,O,E,n,鼠,shǔ
LB,O,S,x,UNK,UNK
中,O,S,f,丨,zhōng
已,O,S,d,己,yǐ
存,O,B,v,子,cún
在,O,E,v,土,zài
肿,B-Disease,B,n,月,zhǒng
瘤,I-Disease,E,n,疒,liú
的,O,S,uj,白,dí
转,O,B,v,车,zhuǎn
移,O,E,v,禾,yí
。,O,S,x,UNK,UNK
sep,sep,sep,sep,sep,sep
SPACE,O,S,x,UNK,UNK
这,O,B,r,辶,zhè
些,O,E,r,二,xiē
药,O,B,n,艹,yào
物,O,E,n,牜,wù
通,O,B,p,辶,tōng
过,O,E,p,辶,guò
作,O,B,v,亻,zuò
用,O,E,v,用,yòng
于,O,S,p,二,yú
SPACE,O,S,x,UNK,UNK
K,B-Anatomy,B,eng,UNK,UNK
e,I-Anatomy,M,eng,UNK,UNK
a,I-Anatomy,M,eng,UNK,UNK
p,I-Anatomy,M,eng,UNK,UNK
num,I-Anatomy,E,eng,UNK,UNK
-,I-Anatomy,S,x,UNK,UNK
LB,I-Anatomy,S,x,UNK,UNK
C,I-Anatomy,B,eng,UNK,UNK
num,I-Anatomy,M,eng,UNK,UNK
num,I-Anatomy,M,eng,UNK,UNK
num,I-Anatomy,E,eng,UNK,UNK
SPACE,I-Anatomy,S,x,UNK,UNK
位,I-Anatomy,B,n,亻,wèi
点,I-Anatomy,E,n,灬,diǎn
",",O,S,x,UNK,UNK
sep,sep,sep,sep,sep,sep
进,O,B,c,辶,jìn
而,O,E,c,而,ér
减,O,B,v,冫,jiǎn
少,O,E,v,小,shǎo
SPACE,O,S,x,UNK,UNK
N,B-Anatomy,B,eng,UNK,UNK
r,I-Anatomy,M,eng,UNK,UNK
f,I-Anatomy,M,eng,UNK,UNK
num,I-Anatomy,E,eng,UNK,UNK
SPACE,O,S,x,UNK,UNK
泛,O,B,n,氵,fàn
素,O,E,n,糸,sù
化,O,S,n,亻,huà
",",O,S,x,UNK,UNK
sep,sep,sep,sep,sep,sep
促,O,B,v,亻,cù
进,O,E,v,辶,jìn
胞,O,B,n,月,bāo
浆,O,E,n,水,jiāng
内,O,S,f,冂,nèi
的,O,S,uj,白,dí
SPACE,O,S,x,UNK,UNK
N,B-Anatomy,B,eng,UNK,UNK
r,I-Anatomy,M,eng,UNK,UNK
f,I-Anatomy,M,eng,UNK,UNK
num,I-Anatomy,E,eng,UNK,UNK
LB,O,S,x,UNK,UNK
入,O,B,v,入,rù
核,O,E,v,木,hé
",",O,S,x,UNK,UNK
sep,sep,sep,sep,sep,sep
从,O,B,c,人,cóng
而,O,E,c,而,ér
激,O,B,a,氵,jī
活,O,E,a,氵,huó
SPACE,O,S,x,UNK,UNK
N,B-Anatomy,B,eng,UNK,UNK
r,I-Anatomy,M,eng,UNK,UNK
f,I-Anatomy,M,eng,UNK,UNK
num,I-Anatomy,E,eng,UNK,UNK
SPACE,I-Anatomy,S,x,UNK,UNK
通,I-Anatomy,B,n,辶,tōng
路,I-Anatomy,E,n,足,lù
及,O,B,c,又,jí
其,O,E,c,八,qí
下,O,B,f,一,xià
游,O,E,f,氵,yóu
一,O,B,m,一,yī
系,O,M,m,糸,xì
列,O,E,m,刂,liè
抗,O,B,nz,扌,kàng
氧,O,M,nz,气,yǎng
化,O,E,nz,亻,huà
反,O,S,zg,又,fǎn
LB,O,S,x,UNK,UNK
应,O,S,v,广,yīng
。,O,S,x,UNK,UNK
sep,sep,sep,sep,sep,sep
SPACE,O,S,x,UNK,UNK
激,O,B,a,氵,jī
活,O,E,a,氵,huó
的,O,S,uj,白,dí
SPACE,O,S,x,UNK,UNK
N,B-Anatomy,B,eng,UNK,UNK
r,I-Anatomy,M,eng,UNK,UNK
f,I-Anatomy,M,eng,UNK,UNK
num,I-Anatomy,E,eng,UNK,UNK
SPACE,O,S,x,UNK,UNK
则,O,S,d,刂,zé
显,O,B,a,日,xiǎn
著,O,E,a,艹,zhù
上,B-Test_Value,B,v,一,shàng
调,I-Test_Value,E,v,讠,tiáo
了,O,S,ul,乙,liǎo
肿,B-Anatomy,B,n,月,zhǒng
瘤,I-Anatomy,E,n,疒,liú
转,I-Anatomy,B,v,车,zhuǎn
移,I-Anatomy,E,v,禾,yí
相,I-Anatomy,B,v,目,xiāng
关,I-Anatomy,E,v,丷,guān
蛋,I-Anatomy,B,n,虫,dàn
白,I-Anatomy,E,n,白,bái
低,I-Anatomy,S,a,亻,dī
LB,I-Anatomy,S,x,UNK,UNK
氧,I-Anatomy,S,n,气,yǎng
诱,I-Anatomy,B,vn,讠,yòu
导,I-Anatomy,E,vn,寸,dǎo
因,I-Anatomy,B,n,囗,yīn
子,I-Anatomy,E,n,子,zǐ
SPACE,I-Anatomy,S,x,UNK,UNK
num,I-Anatomy,S,x,UNK,UNK
、,O,S,x,UNK,UNK
血,B-Anatomy,B,n,血,xiě
管,I-Anatomy,E,n,竹,guǎn
内,I-Anatomy,B,n,冂,nèi
皮,I-Anatomy,E,n,皮,pí
生,I-Anatomy,B,nr,生,shēng
长,I-Anatomy,M,nr,长,cháng
因,I-Anatomy,M,nr,囗,yīn
子,I-Anatomy,E,nr,子,zǐ
等,O,S,u,竹,děng
的,O,S,uj,白,dí
表,O,B,v,衣,biǎo
达,O,E,v,辶,dá
",",O,S,x,UNK,UNK
sep,sep,sep,sep,sep,sep
使,O,B,v,亻,shǐ
得,O,E,v,彳,dé
肿,B-Anatomy,B,n,月,zhǒng
瘤,I-Anatomy,E,n,疒,liú
LB,I-Anatomy,S,x,UNK,UNK
细,I-Anatomy,B,n,纟,xì
胞,I-Anatomy,E,n,月,bāo
迁,O,B,v,辶,qiān
移,O,E,v,禾,yí
增,O,B,v,土,zēng
加,O,E,v,力,jiā
",",O,S,x,UNK,UNK
sep,sep,sep,sep,sep,sep
小,O,B,n,小,xiǎo
鼠,O,E,n,鼠,shǔ
模,O,B,n,木,mó
型,O,E,n,土,xíng
内,O,S,f,冂,nèi
的,O,S,uj,白,dí
肿,B-Disease,B,n,月,zhǒng
瘤,I-Disease,E,n,疒,liú
扩,O,B,v,扌,kuò
散,O,E,v,攵,sàn
。,O,S,x,UNK,UNK
sep,sep,sep,sep,sep,sep
SPACE,O,S,x,UNK,UNK
进,O,B,d,辶,jìn
一,O,M,d,一,yī
步,O,E,d,止,bù
的,O,S,uj,白,dí
研,O,S,vn,石,yán
LB,O,S,x,UNK,UNK
究,O,S,d,穴,jiū
证,O,B,n,讠,zhèng
实,O,E,n,宀,shí
",",O,S,x,UNK,UNK
sep,sep,sep,sep,sep,sep
N,B-Anatomy,B,eng,UNK,UNK
r,I-Anatomy,M,eng,UNK,UNK
f,I-Anatomy,M,eng,UNK,UNK
num,I-Anatomy,E,eng,UNK,UNK
SPACE,I-Anatomy,S,x,UNK,UNK
基,I-Anatomy,B,n,土,jī
因,I-Anatomy,E,n,囗,yīn
沉,O,B,a,氵,chén
默,O,E,a,黑,mò
能,O,S,v,月,néng
减,O,B,v,冫,jiǎn
少,O,E,v,小,shǎo
自,O,B,v,自,zì
发,O,E,v,又,fā
的,O,S,uj,白,dí
或,O,S,c,戈,huò
SPACE,O,S,x,UNK,UNK
D,B-Drug,B,eng,UNK,UNK
P,I-Drug,M,eng,UNK,UNK
P,I-Drug,E,eng,UNK,UNK
-,I-Drug,S,x,UNK,UNK
num,I-Drug,S,m,UNK,UNK
i,I-Drug,S,eng,UNK,UNK
SPACE,O,S,x,UNK,UNK
诱,O,B,vn,讠,yòu
导,O,E,vn,寸,dǎo
的,O,S,uj,白,dí
LB,O,S,x,UNK,UNK
肿,B-Disease,B,n,月,zhǒng
瘤,I-Disease,E,n,疒,liú
转,O,B,v,车,zhuǎn
移,O,E,v,禾,yí
;,O,S,x,UNK,UNK
sep,sep,sep,sep,sep,sep
而,O,S,c,而,ér
过,O,S,ug,辶,guò
表,O,B,v,衣,biǎo
达,O,E,v,辶,dá
或,O,S,c,戈,huò
特,O,B,n,牜,tè
异,O,M,n,廾,yì
性,O,E,n,忄,xìng
激,O,B,a,氵,jī
活,O,E,a,氵,huó
SPACE,O,S,x,UNK,UNK
N,B-Anatomy,B,eng,UNK,UNK
r,I-Anatomy,M,eng,UNK,UNK
f,I-Anatomy,M,eng,UNK,UNK
num,I-Anatomy,E,eng,UNK,UNK
SPACE,I-Anatomy,S,x,UNK,UNK
通,I-Anatomy,B,n,辶,tōng
路,I-Anatomy,E,n,足,lù
",",O,S,x,UNK,UNK
sep,sep,sep,sep,sep,sep
则,O,S,d,刂,zé
加,O,B,v,力,jiā
速,O,E,v,辶,sù
LB,O,S,x,UNK,UNK
肿,B-Disease,B,n,月,zhǒng
瘤,I-Disease,E,n,疒,liú
扩,O,B,v,扌,kuò
散,O,E,v,攵,sàn
。,O,S,x,UNK,UNK
SPACE,O,S,x,UNK,UNK
此,O,B,c,止,cǐ
外,O,E,c,夕,wài
",",O,S,x,UNK,UNK
通,O,B,p,辶,tōng
过,O,E,p,辶,guò
对,O,S,p,寸,duì
人,O,S,n,人,rén
的,O,S,uj,白,dí
肝,B-Disease,B,n,月,gān
癌,I-Disease,E,n,疒,ái
组,O,B,v,纟,zǔ
织,O,E,v,纟,zhī
样,O,B,n,木,yàng
本,O,E,n,木,běn
进,O,B,v,辶,jìn
行,O,E,v,行,háng
分,O,B,vn,刀,fēn
析,O,E,vn,木,xī
",",O,S,x,UNK,UNK
sep,sep,sep,sep,sep,sep
LB,O,S,x,UNK,UNK
发,O,B,v,又,fā
现,O,E,v,见,xiàn
SPACE,O,S,x,UNK,UNK
N,B-Anatomy,B,eng,UNK,UNK
r,I-Anatomy,M,eng,UNK,UNK
f,I-Anatomy,M,eng,UNK,UNK
num,I-Anatomy,E,eng,UNK,UNK
SPACE,O,S,x,UNK,UNK
表,O,B,v,衣,biǎo
达,O,E,v,辶,dá
水,O,B,n,水,shuǐ
平,O,E,n,干,píng
与,O,S,p,一,yǔ
肝,B-Disease,B,n,月,gān
癌,I-Disease,E,n,疒,ái
的,O,S,uj,白,dí
转,O,B,v,车,zhuǎn
移,O,E,v,禾,yí
也,O,S,d,乙,yě
密,O,B,l,宀,mì
切,O,M,l,刀,qiē
相,O,M,l,目,xiāng
关,O,E,l,丷,guān
。,O,S,x,UNK,UNK
sep,sep,sep,sep,sep,sep
SPACE,O,S,x,UNK,UNK
上,O,B,b,一,shàng
述,O,E,b,辶,shù
LB,O,S,x,UNK,UNK
研,O,B,vn,石,yán
究,O,E,vn,穴,jiū
结,O,B,n,纟,jié
果,O,E,n,木,guǒ
提,O,B,v,扌,tí
示,O,E,v,示,shì
",",O,S,x,UNK,UNK
sep,sep,sep,sep,sep,sep
糖,B-Disease,B,n,米,táng
尿,I-Disease,M,n,尸,niào
病,I-Disease,E,n,疒,bìng
治,O,B,v,氵,zhì
疗,O,E,v,疒,liáo
中,O,S,f,丨,zhōng
能,O,S,v,月,néng
激,O,B,a,氵,jī
活,O,E,a,氵,huó
SPACE,O,S,x,UNK,UNK
N,B-Anatomy,B,eng,UNK,UNK
r,I-Anatomy,M,eng,UNK,UNK
f,I-Anatomy,M,eng,UNK,UNK
num,I-Anatomy,E,eng,UNK,UNK
SPACE,O,S,x,UNK,UNK
的,O,S,uj,白,dí
抗,B-Drug,B,nz,扌,kàng
氧,I-Drug,M,nz,气,yǎng
化,I-Drug,M,nz,亻,huà
剂,I-Drug,E,nz,刂,jì
LB,O,S,x,UNK,UNK
在,O,S,p,土,zài
糖,B-Disease,B,n,米,táng
尿,I-Disease,M,n,尸,niào
病,I-Disease,E,n,疒,bìng
合,O,B,v,口,hé
并,O,E,v,干,bìng
肿,B-Disease,B,n,月,zhǒng
瘤,I-Disease,E,n,疒,liú
的,O,S,uj,白,dí
患,O,B,n,心,huàn
者,O,E,n,耂,zhě
中,O,S,f,丨,zhōng
可,O,B,v,口,kě
能,O,E,v,月,néng
需,O,B,v,雨,xū
要,O,E,v,覀,yào
谨,O,B,a,讠,jǐn
慎,O,E,a,忄,shèn
使,O,B,v,亻,shǐ
用,O,E,v,用,yòng
;,O,S,x,UNK,UNK
sep,sep,sep,sep,sep,sep
并,O,B,c,干,bìng
且,O,E,c,一,qiě
LB,O,S,x,UNK,UNK
N,B-Anatomy,B,eng,UNK,UNK
r,I-Anatomy,M,eng,UNK,UNK
f,I-Anatomy,M,eng,UNK,UNK
num,I-Anatomy,E,eng,UNK,UNK
SPACE,O,S,x,UNK,UNK
有,O,B,v,月,yǒu
望,O,E,v,月,wàng
作,O,B,v,亻,zuò
为,O,E,v,丶,wéi
肿,B-Disease,B,n,月,zhǒng
瘤,I-Disease,E,n,疒,liú
转,O,B,v,车,zhuǎn
移,O,E,v,禾,yí
的,O,S,uj,白,dí
潜,O,B,t,氵,qián
在,O,E,t,土,zài
分,O,B,n,刀,fēn
子,O,E,n,子,zǐ
标,O,B,n,木,biāo
志,O,M,n,心,zhì
物,O,E,n,牜,wù
与,O,S,p,一,yǔ
治,O,B,v,氵,zhì
疗,O,E,v,疒,liáo
靶,O,S,p,革,bǎ
LB,O,S,x,UNK,UNK
点,O,S,m,灬,diǎn
[,O,S,x,UNK,UNK
num,O,B,m,UNK,UNK
num,O,E,m,UNK,UNK
],O,S,x,UNK,UNK
。,O,S,x,UNK,UNK
sep,sep,sep,sep,sep,sep
LB,O,S,x,UNK,UNK
针,O,B,p,钅,zhēn
对,O,E,p,寸,duì
课,O,B,n,讠,kè
题,O,M,n,页,tí
组,O,E,n,纟,zǔ
这,O,S,r,辶,zhè
一,O,S,m,一,yī
研,O,B,vn,石,yán
究,O,E,vn,穴,jiū
",",O,S,x,UNK,UNK
sep,sep,sep,sep,sep,sep
《,O,S,x,UNK,UNK
S,O,B,eng,UNK,UNK
c,O,M,eng,UNK,UNK
i,O,M,eng,UNK,UNK
e,O,M,eng,UNK,UNK
n,O,M,eng,UNK,UNK
c,O,M,eng,UNK,UNK
e,O,E,eng,UNK,UNK
》,O,S,x,UNK,UNK
官,O,B,n,宀,guān
方,O,M,n,方,fāng
网,O,M,n,冂,wǎng
站,O,E,n,立,zhàn
以,O,S,p,人,yǐ
“,O,S,x,UNK,UNK
一,O,S,m,一,yī
LB,O,S,x,UNK,UNK
些,O,S,q,二,xiē
降,B-Drug,B,n,阝,jiàng
糖,I-Drug,M,n,米,táng
药,I-Drug,E,n,艹,yào
物,I-Drug,S,zg,牜,wù
可,O,B,v,口,kě
能,O,E,v,月,néng
加,O,B,v,力,jiā
速,O,E,v,辶,sù
小,O,B,n,小,xiǎo
鼠,O,E,n,鼠,shǔ
肿,B-Disease,B,n,月,zhǒng
瘤,I-Disease,E,n,疒,liú
转,O,B,v,车,zhuǎn
移,O,E,v,禾,yí
冶,O,S,zg,冫,yě
为,O,B,n,丶,wéi
题,O,E,n,页,tí
进,O,B,v,辶,jìn
行,O,E,v,行,háng
述,O,B,v,辶,shù
评,O,E,v,讠,píng
:,O,S,x,UNK,UNK
LB,O,S,x,UNK,UNK
“,O,S,x,UNK,UNK
尽,O,B,c,尸,jìn
管,O,E,c,竹,guǎn
抗,B-Drug,B,nz,扌,kàng
氧,I-Drug,M,nz,气,yǎng
化,I-Drug,M,nz,亻,huà
剂,I-Drug,E,nz,刂,jì
对,O,S,p,寸,duì
肿,B-Disease,B,n,月,zhǒng
瘤,I-Disease,E,n,疒,liú
的,O,S,uj,白,dí
预,O,B,v,页,yù
防,O,E,v,阝,fáng
作,O,B,v,亻,zuò
用,O,E,v,用,yòng
得,O,B,v,彳,dé
到,O,E,v,刂,dào
了,O,S,ul,乙,liǎo
一,O,B,d,一,yī
定,O,E,d,宀,dìng
的,O,S,uj,白,dí
验,O,S,vn,马,yàn
LB,O,S,x,UNK,UNK
证,O,S,n,讠,zhèng
",",O,S,x,UNK,UNK
sep,sep,sep,sep,sep,sep
但,O,S,c,亻,dàn
越,O,B,d,走,yuè
来,O,M,d,木,lái
越,O,E,d,走,yuè
多,O,S,m,夕,duō
的,O,S,uj,白,dí
研,O,B,vn,石,yán
究,O,E,vn,穴,jiū
揭,O,B,v,扌,jiē
示,O,E,v,示,shì
其,O,S,r,八,qí
相,O,B,v,目,xiāng
反,O,E,v,又,fǎn
的,O,S,uj,白,dí
一,O,B,m,一,yī
面,O,E,m,面,miàn
",",O,S,x,UNK,UNK
sep,sep,sep,sep,sep,sep
即,O,S,v,卩,jí
某,O,B,r,木,mǒu
些,O,E,r,二,xiē
情,O,B,n,忄,qíng
况,O,E,n,冫,kuàng
LB,O,S,x,UNK,UNK
下,O,S,f,一,xià
抗,B-Drug,B,nz,扌,kàng
氧,I-Drug,M,nz,气,yǎng
化,I-Drug,M,nz,亻,huà
剂,I-Drug,E,nz,刂,jì
反,O,B,c,又,fǎn
而,O,E,c,而,ér
可,O,S,v,口,kě
促,O,B,v,亻,cù
进,O,E,v,辶,jìn
肿,B-Disease,B,n,月,zhǒng
瘤,I-Disease,E,n,疒,liú
的,O,S,uj,白,dí
恶,O,B,n,心,è
性,O,E,n,忄,xìng
进,O,B,vn,辶,jìn
展,O,E,vn,尸,zhǎn
冶,O,S,zg,冫,yě
;,O,S,x,UNK,UNK
sep,sep,sep,sep,sep,sep
而,O,S,c,而,ér
从,O,S,p,人,cóng
更,O,S,d,曰,gēng
大,O,S,a,大,dà
LB,O,S,x,UNK,UNK
的,O,S,uj,白,dí
理,O,B,n,王,lǐ
论,O,E,n,讠,lùn
范,O,B,n,艹,fàn
围,O,E,n,囗,wéi
来,O,B,v,木,lái
讲,O,E,v,讠,jiǎng
",",O,S,x,UNK,UNK
sep,sep,sep,sep,sep,sep
正,O,B,v,止,zhèng
如,O,E,v,女,rú
《,O,S,x,UNK,UNK
S,O,B,eng,UNK,UNK
c,O,M,eng,UNK,UNK
i,O,M,eng,UNK,UNK
e,O,M,eng,UNK,UNK
n,O,M,eng,UNK,UNK
c,O,M,eng,UNK,UNK
e,O,E,eng,UNK,UNK
》,O,S,x,UNK,UNK
编,O,B,n,纟,biān
辑,O,E,n,车,jí
强,O,B,v,弓,qiáng
调,O,E,v,讠,tiáo
的,O,S,uj,白,dí
一,O,B,r,一,yī
样,O,E,r,木,yàng
:,O,S,x,UNK,UNK
“,O,S,x,UNK,UNK
既,O,S,c,旡,jì
LB,O,S,x,UNK,UNK
往,O,S,zg,彳,wǎng
膳,O,B,n,月,shàn
食,O,E,n,飠,shí
元,O,B,n,二,yuán
素,O,E,n,糸,sù
中,O,S,f,丨,zhōng
的,O,S,uj,白,dí
抗,B-Drug,B,nz,扌,kàng
氧,I-Drug,M,nz,气,yǎng
化,I-Drug,M,nz,亻,huà
剂,I-Drug,E,nz,刂,jì
常,O,B,b,巾,cháng
用,O,E,b,用,yòng
于,O,S,p,二,yú
癌,B-Disease,B,n,疒,ái
症,I-Disease,E,n,疒,zhèng
预,O,B,v,页,yù
防,O,E,v,阝,fáng
",",O,S,x,UNK,UNK
sep,sep,sep,sep,sep,sep
但,O,S,c,亻,dàn
该,O,S,r,讠,gāi
研,O,B,vn,石,yán
究,O,E,vn,穴,jiū
LB,O,S,x,UNK,UNK
显,O,B,v,日,xiǎn
示,O,E,v,示,shì
抗,B-Drug,B,nz,扌,kàng
氧,I-Drug,M,nz,气,yǎng
化,I-Drug,M,nz,亻,huà
剂,I-Drug,E,nz,刂,jì
可,O,B,v,口,kě
能,O,E,v,月,néng
是,O,S,v,日,shì
一,O,B,m,一,yī
把,O,E,m,扌,bǎ
双,O,B,nr,又,shuāng
刃,O,M,nr,刀,rèn
剑,O,E,nr,刂,jiàn
",",O,S,x,UNK,UNK
sep,sep,sep,sep,sep,sep
甚,O,B,d,甘,shèn
至,O,E,d,至,zhì
并,O,S,c,干,bìng
无,O,B,d,一,wú
益,O,E,d,皿,yì
处,O,S,n,夂,chǔ
",",O,S,x,UNK,UNK
sep,sep,sep,sep,sep,sep
故,O,S,c,攵,gù
抗,B-Drug,S,v,扌,kàng
LB,I-Drug,S,x,UNK,UNK
氧,I-Drug,B,n,气,yǎng
化,I-Drug,M,n,亻,huà
剂,I-Drug,E,n,刂,jì
应,O,B,v,广,yīng
当,O,E,v,彐,dāng
慎,O,B,v,忄,shèn
用,O,E,v,用,yòng
",",O,S,x,UNK,UNK
sep,sep,sep,sep,sep,sep
尤,O,B,d,尢,yóu
其,O,E,d,八,qí
对,O,S,p,寸,duì
已,O,B,d,己,yǐ
经,O,E,d,纟,jīng
合,O,B,v,口,hé
并,O,E,v,干,bìng
肿,B-Disease,B,n,月,zhǒng
瘤,I-Disease,E,n,疒,liú
的,O,S,uj,白,dí
患,O,B,n,心,huàn
者,O,E,n,耂,zhě
冶,O,S,zg,冫,yě
;,O,S,x,UNK,UNK
sep,sep,sep,sep,sep,sep
LB,O,S,x,UNK,UNK
K,O,B,eng,UNK,UNK
a,O,M,eng,UNK,UNK
r,O,M,eng,UNK,UNK
o,O,M,eng,UNK,UNK
l,O,M,eng,UNK,UNK
i,O,M,eng,UNK,UNK
n,O,M,eng,UNK,UNK
s,O,M,eng,UNK,UNK
k,O,M,eng,UNK,UNK
a,O,E,eng,UNK,UNK
SPACE,O,S,x,UNK,UNK
医,O,B,n,匚,yī
学,O,M,n,子,xué
院,O,E,n,阝,yuàn
著,O,B,a,艹,zhù
名,O,E,a,口,míng
肿,O,B,n,月,zhǒng
瘤,O,E,n,疒,liú
生,O,B,n,生,shēng
物,O,M,n,牜,wù
学,O,M,n,子,xué
家,O,E,n,宀,jiā
SPACE,O,S,x,UNK,UNK
M,O,B,eng,UNK,UNK
a,O,M,eng,UNK,UNK
r,O,M,eng,UNK,UNK
t,O,M,eng,UNK,UNK
i,O,M,eng,UNK,UNK
n,O,E,eng,UNK,UNK
SPACE,O,S,x,UNK,UNK
B,O,B,eng,UNK,UNK
e,O,M,eng,UNK,UNK
r,O,M,eng,UNK,UNK
g,O,E,eng,UNK,UNK
觟,O,S,yg,角,huà
SPACE,O,S,x,UNK,UNK
教,O,B,n,攵,jiào
授,O,E,n,扌,shòu
LB,O,S,x,UNK,UNK
则,O,S,d,刂,zé
指,O,B,v,扌,zhǐ
出,O,E,v,凵,chū
:,O,S,x,UNK,UNK
“,O,S,x,UNK,UNK
激,O,B,a,氵,jī
活,O,E,a,氵,huó
SPACE,O,S,x,UNK,UNK
N,B-Anatomy,B,eng,UNK,UNK
r,I-Anatomy,M,eng,UNK,UNK
f,I-Anatomy,M,eng,UNK,UNK
num,I-Anatomy,E,eng,UNK,UNK
SPACE,O,S,x,UNK,UNK
的,O,S,uj,白,dí
抗,B-Drug,B,nz,扌,kàng
氧,I-Drug,M,nz,气,yǎng
化,I-Drug,M,nz,亻,huà
剂,I-Drug,E,nz,刂,jì
与,O,S,p,一,yǔ
糖,B-Disease,B,n,米,táng
尿,I-Disease,M,n,尸,niào
病,I-Disease,E,n,疒,bìng
治,O,B,v,氵,zhì
疗,O,E,v,疒,liáo
药,O,B,n,艹,yào
物,O,E,n,牜,wù
虽,O,S,zg,虫,suī
LB,O,S,x,UNK,UNK
不,O,S,d,一,bù
增,O,B,v,土,zēng
加,O,E,v,力,jiā
肿,B-Disease,B,n,月,zhǒng
瘤,I-Disease,E,n,疒,liú
的,O,S,uj,白,dí
发,O,B,v,又,fā
生,O,E,v,生,shēng
风,O,B,n,风,fēng
险,O,E,n,阝,xiǎn
",",O,S,x,UNK,UNK
sep,sep,sep,sep,sep,sep
但,O,S,c,亻,dàn
给,O,B,v,纟,gěi
予,O,E,v,乙,yú
肿,B-Disease,B,n,月,zhǒng
瘤,I-Disease,E,n,疒,liú
细,O,B,n,纟,xì
胞,O,E,n,月,bāo
这,O,B,r,辶,zhè
些,O,E,r,二,xiē
药,O,B,n,艹,yào
物,O,E,n,牜,wù
就,O,S,d,尢,jiù
LB,O,S,x,UNK,UNK
像,O,S,v,亻,xiàng
为,O,S,p,丶,wéi
其,O,S,r,八,qí
增,O,B,v,土,zēng
加,O,E,v,力,jiā
了,O,S,ul,乙,liǎo
助,O,B,n,力,zhù
燃,O,M,n,火,rán
剂,O,E,n,刂,jì
;,O,S,x,UNK,UNK
sep,sep,sep,sep,sep,sep
这,O,B,r,辶,zhè
项,O,E,r,页,xiàng
研,O,B,vn,石,yán
究,O,E,vn,穴,jiū
使,O,B,v,亻,shǐ
得,O,E,v,彳,dé
科,O,B,n,禾,kē
学,O,M,n,子,xué
家,O,E,n,宀,jiā
们,O,S,k,亻,mén
对,O,B,v,寸,duì
抗,B-Drug,E,v,扌,kàng
氧,I-Drug,S,n,气,yǎng
LB,I-Drug,S,x,UNK,UNK
化,I-Drug,B,n,亻,huà
剂,I-Drug,E,n,刂,jì
影,O,B,vn,彡,yǐng
响,O,E,vn,口,xiǎng
肿,B-Disease,B,n,月,zhǒng
瘤,I-Disease,E,n,疒,liú
研,O,B,vn,石,yán
究,O,E,vn,穴,jiū
的,O,S,uj,白,dí
紧,O,B,n,糸,jǐn
迫,O,M,n,辶,pò
感,O,E,n,心,gǎn
明,O,B,nr,日,míng
显,O,M,nr,日,xiǎn
增,O,M,nr,土,zēng
强,O,E,nr,弓,qiáng
冶,O,S,zg,冫,yě
SPACE,O,S,x,UNK,UNK
[,O,S,x,UNK,UNK
num,O,B,m,UNK,UNK
num,O,E,m,UNK,UNK
],O,S,x,UNK,UNK
。,O,S,x,UNK,UNK
LB,O,S,x,UNK,UNK
四,O,S,m,囗,sì
、,O,S,x,UNK,UNK
SPACE,O,S,x,UNK,UNK
下,O,S,f,一,xià
一,O,B,m,一,yī
步,O,E,m,止,bù
工,O,B,vn,工,gōng
作,O,E,vn,亻,zuò
计,O,B,n,讠,jì
划,O,E,n,刂,huá
LB,O,S,x,UNK,UNK
本,O,S,r,木,běn
课,O,B,n,讠,kè
题,O,M,n,页,tí
组,O,E,n,纟,zǔ
首,O,B,d,首,shǒu
先,O,E,d,儿,xiān
将,O,S,d,寸,jiāng
深,O,B,i,氵,shēn
入,O,M,i,入,rù
探,O,M,i,扌,tàn
讨,O,E,i,讠,tǎo
SPACE,O,S,x,UNK,UNK
N,B-Anatomy,B,eng,UNK,UNK
r,I-Anatomy,M,eng,UNK,UNK
f,I-Anatomy,M,eng,UNK,UNK
num,I-Anatomy,E,eng,UNK,UNK
SPACE,O,S,x,UNK,UNK
与,O,S,p,一,yǔ
抗,B-Drug,B,nz,扌,kàng
氧,I-Drug,M,nz,气,yǎng
化,I-Drug,M,nz,亻,huà
剂,I-Drug,E,nz,刂,jì
在,O,S,p,土,zài
肿,B-Disease,S,n,月,zhǒng
LB,I-Disease,S,x,UNK,UNK
瘤,I-Disease,S,n,疒,liú
细,O,B,n,纟,xì
胞,O,E,n,月,bāo
与,O,S,p,一,yǔ
正,B-Anatomy,B,d,止,zhèng
常,I-Anatomy,E,d,巾,cháng
细,I-Anatomy,B,n,纟,xì
胞,I-Anatomy,E,n,月,bāo
中,O,S,f,丨,zhōng
作,O,B,v,亻,zuò
用,O,E,v,用,yòng
的,O,S,uj,白,dí
差,O,B,l,工,chà
异,O,M,l,廾,yì
性,O,E,l,忄,xìng
",",O,S,x,UNK,UNK
sep,sep,sep,sep,sep,sep
因,O,B,c,囗,yīn
为,O,E,c,丶,wéi
已,O,B,v,己,yǐ
有,O,E,v,月,yǒu
线,O,B,n,纟,xiàn
索,O,E,n,糸,suǒ
提,O,S,v,扌,tí
LB,O,S,x,UNK,UNK
示,O,S,v,示,shì
SPACE,O,S,x,UNK,UNK
N,B-Anatomy,B,eng,UNK,UNK
r,I-Anatomy,M,eng,UNK,UNK
f,I-Anatomy,M,eng,UNK,UNK
num,I-Anatomy,E,eng,UNK,UNK
SPACE,O,S,x,UNK,UNK
在,O,S,p,土,zài
正,B-Anatomy,B,d,止,zhèng
常,I-Anatomy,E,d,巾,cháng
细,I-Anatomy,B,n,纟,xì
胞,I-Anatomy,E,n,月,bāo
与,O,S,p,一,yǔ
肿,B-Disease,B,n,月,zhǒng
瘤,I-Disease,E,n,疒,liú
细,O,B,n,纟,xì
胞,O,E,n,月,bāo
中,O,S,f,丨,zhōng
可,O,B,v,口,kě
能,O,E,v,月,néng
发,O,B,v,又,fā
挥,O,E,v,扌,huī
着,O,S,uz,目,zhuó
不,O,B,a,一,bù
同,O,E,a,口,tóng
的,O,S,uj,白,dí
LB,O,S,x,UNK,UNK
作,O,B,v,亻,zuò
用,O,E,v,用,yòng
;,O,S,x,UNK,UNK
其,O,B,r,八,qí
次,O,E,r,欠,cì
",",O,S,x,UNK,UNK
目,O,B,t,目,mù
前,O,E,t,刂,qián
的,O,S,uj,白,dí
研,O,B,vn,石,yán
究,O,E,vn,穴,jiū
结,O,B,n,纟,jié
果,O,E,n,木,guǒ
仅,O,S,d,亻,jǐn
局,O,B,n,尸,jú
限,O,M,n,阝,xiàn
于,O,E,n,二,yú
动,O,B,n,力,dòng
物,O,E,n,牜,wù
观,O,B,v,见,guān
察,O,E,v,宀,chá
",",O,S,x,UNK,UNK
sep,sep,sep,sep,sep,sep
尚,O,B,n,小,shàng
需,O,E,n,雨,xū
LB,O,S,x,UNK,UNK
进,O,B,d,辶,jìn
一,O,M,d,一,yī
步,O,E,d,止,bù
的,O,S,uj,白,dí
临,O,B,vn,丨,lín
床,O,E,vn,广,chuáng
前,O,S,f,刂,qián
与,O,S,p,一,yǔ
临,O,B,n,丨,lín
床,O,M,n,广,chuáng
试,O,M,n,讠,shì
验,O,E,n,马,yàn
证,O,B,n,讠,zhèng
实,O,E,n,宀,shí
;,O,S,x,UNK,UNK
第,O,B,m,竹,dì
三,O,E,m,一,sān
",",O,S,x,UNK,UNK
在,O,S,p,土,zài
临,O,B,vn,丨,lín
床,O,E,vn,广,chuáng
上,O,S,f,一,shàng
需,O,B,v,雨,xū
要,O,E,v,覀,yào
LB,O,S,x,UNK,UNK
对,O,S,p,寸,duì
激,O,B,a,氵,jī
活,O,E,a,氵,huó
SPACE,O,S,x,UNK,UNK
N,B-Anatomy,B,eng,UNK,UNK
r,I-Anatomy,M,eng,UNK,UNK
f,I-Anatomy,M,eng,UNK,UNK
num,I-Anatomy,E,eng,UNK,UNK
SPACE,O,S,x,UNK,UNK
的,O,S,uj,白,dí
抗,B-Drug,S,vn,扌,kàng
糖,I-Drug,B,n,米,táng
尿,I-Drug,M,n,尸,niào
病,I-Drug,E,n,疒,bìng
药,I-Drug,B,n,艹,yào
物,I-Drug,E,n,牜,wù
进,O,B,v,辶,jìn
行,O,E,v,行,háng
广,O,B,a,广,guǎng
泛,O,E,a,氵,fàn
的,O,S,uj,白,dí
筛,O,B,v,竹,shāi
选,O,E,v,辶,xuǎn
",",O,S,x,UNK,UNK
sep,sep,sep,sep,sep,sep
并,O,B,v,干,bìng
进,O,E,v,辶,jìn
一,O,S,m,一,yī
LB,O,S,x,UNK,UNK
步,O,S,n,止,bù
探,O,B,v,扌,tàn
讨,O,E,v,讠,tǎo
激,O,B,a,氵,jī
活,O,E,a,氵,huó
SPACE,O,S,x,UNK,UNK
N,B-Anatomy,B,eng,UNK,UNK
r,I-Anatomy,M,eng,UNK,UNK
f,I-Anatomy,M,eng,UNK,UNK
num,I-Anatomy,E,eng,UNK,UNK
SPACE,O,S,x,UNK,UNK
的,O,S,uj,白,dí
抗,B-Drug,S,vn,扌,kàng
糖,I-Drug,B,n,米,táng
尿,I-Drug,M,n,尸,niào
病,I-Drug,E,n,疒,bìng
药,I-Drug,B,n,艹,yào
物,I-Drug,E,n,牜,wù
对,O,S,p,寸,duì
不,O,B,a,一,bù
同,O,E,a,口,tóng
类,O,B,n,米,lèi
型,O,E,n,土,xíng
肿,B-Disease,B,n,月,zhǒng
瘤,I-Disease,E,n,疒,liú
所,O,S,c,户,suǒ
LB,O,S,x,UNK,UNK
产,O,B,n,亠,chǎn
生,O,E,n,生,shēng
的,O,S,uj,白,dí
影,O,B,vn,彡,yǐng
响,O,E,vn,口,xiǎng
。,O,S,x,UNK,UNK
LB,O,S,x,UNK,UNK
